drift_id,injected_roll_deg,injected_pitch_deg,injected_yaw_deg,injected_tx_m,injected_ty_m,injected_tz_m,frames_used,estimated_roll_deg_median,estimated_pitch_deg_median,roll_error_deg,pitch_error_deg,camera_normal_change_deg_median,camera_normal_x_median,camera_normal_y_median,camera_normal_z_median,roll_detected
0,0.3753,1.1916,0.8271,-0.0275,-0.0200,0.0374,39,0.3799,1.1835,0.0046,-0.0081,1.2431,-0.0020,-0.9998,-0.0185,False
1,-1.4842,0.9637,0.8912,-0.0032,-0.0197,-0.0222,39,-1.4880,0.9610,-0.0038,-0.0027,1.7709,0.0305,-0.9994,-0.0152,True
2,-0.7354,-0.1648,0.0136,0.0053,0.0496,0.0293,39,-0.7348,-0.1629,0.0006,0.0019,0.7558,0.0177,-0.9998,0.0049,True
3,0.3665,1.4669,-0.8541,-0.0340,0.0113,-0.0456,39,0.3449,1.4264,-0.0216,-0.0405,1.4720,-0.0015,-0.9997,-0.0228,False
4,-1.3930,0.0447,-0.1014,0.0417,0.0129,0.0014,39,-1.3895,0.0421,0.0035,-0.0026,1.3916,0.0291,-0.9996,0.0012,True
5,-0.0094,-0.7575,-1.4646,-0.0308,0.0192,-0.0299,39,-0.0282,-0.7664,-0.0188,-0.0089,0.7665,0.0055,-0.9999,0.0159,False
6,-0.3914,-1.4888,0.9901,-0.0346,-0.0232,0.0380,39,-0.3837,-1.4870,0.0077,0.0018,1.5320,0.0118,-0.9995,0.0281,False
7,0.0294,1.0415,0.4192,0.0242,-0.0409,0.0041,39,0.0230,1.0386,-0.0064,-0.0028,1.0405,0.0042,-0.9999,-0.0163,False
8,0.0233,1.1140,-0.4162,0.0098,-0.0441,-0.0112,39,0.0060,1.0929,-0.0173,-0.0212,1.0940,0.0045,-0.9998,-0.0172,False
9,-0.5309,-1.0494,0.9490,-0.0121,0.0479,0.0090,39,-0.5206,-1.0480,0.0103,0.0014,1.1683,0.0142,-0.9997,0.0206,True
10,0.3152,0.4140,0.5294,-0.0349,-0.0060,-0.0260,39,0.3160,0.4184,0.0009,0.0044,0.5206,-0.0008,-1.0000,-0.0053,False
11,-0.2925,-1.2099,1.4035,-0.0285,0.0172,-0.0200,39,-0.2926,-1.2049,-0.0001,0.0050,1.2418,0.0099,-0.9997,0.0236,False
12,1.1222,0.4866,-1.1052,0.0345,0.0445,0.0404,39,1.1055,0.4736,-0.0167,-0.0130,1.2034,-0.0145,-0.9999,-0.0058,True
13,0.2092,-1.0636,-0.9226,0.0428,0.0052,-0.0319,39,0.1962,-1.0721,-0.0130,-0.0085,1.0903,0.0015,-0.9998,0.0211,False
14,1.1522,0.4247,0.2091,-0.0124,-0.0089,-0.0261,39,1.1437,0.4316,-0.0085,0.0069,1.2214,-0.0152,-0.9999,-0.0053,True
15,-1.3858,1.1287,-0.0968,0.0048,-0.0178,0.0251,39,-1.3965,1.1136,-0.0106,-0.0151,1.7849,0.0291,-0.9994,-0.0176,True
16,-1.4244,-0.3834,-1.4089,-0.0377,0.0467,0.0158,39,-1.4401,-0.3969,-0.0157,-0.0134,1.4886,0.0299,-0.9995,0.0087,True
17,-0.2153,0.0712,1.1184,-0.0156,0.0090,0.0184,39,-0.2062,0.0829,0.0092,0.0116,0.2230,0.0086,-1.0000,0.0004,False
18,-0.4338,0.0573,0.7957,0.0409,-0.0349,0.0433,39,-0.4263,0.0679,0.0074,0.0106,0.4316,0.0123,-0.9999,0.0007,False
19,-1.4845,0.7589,0.9316,-0.0363,-0.0081,0.0315,39,-1.4884,0.7603,-0.0039,0.0014,1.6662,0.0305,-0.9995,-0.0116,True
