drive,variant,window_frames,first_frame,neighbours_worse,score
0048,paper,12,0,0.9808,0.2678
0048,paper,12,6,0.8846,0.2592
0048,improved,12,0,0.9423,0.2795
0048,improved,12,6,0.8846,0.2670
0005,paper,12,0,1.0000,0.4098
0005,paper,12,6,1.0000,0.4380
0005,paper,12,12,1.0000,0.4581
0005,paper,12,18,0.9808,0.4628
0005,paper,12,24,0.9808,0.4681
0005,paper,12,30,0.9808,0.4610
0005,paper,12,36,1.0000,0.4602
0005,paper,12,42,1.0000,0.4431
0005,paper,12,48,0.9038,0.3841
0005,paper,12,54,0.9231,0.3432
0005,paper,12,60,0.9615,0.3450
0005,paper,12,66,1.0000,0.3440
0005,paper,12,72,1.0000,0.3259
0005,paper,12,78,0.9615,0.3064
0005,paper,12,84,0.9423,0.2939
0005,paper,12,90,0.9231,0.2792
0005,paper,12,96,0.9038,0.2666
0005,paper,12,102,0.8462,0.2659
0005,paper,12,108,0.7692,0.2549
0005,paper,12,114,0.7308,0.2553
0005,paper,12,120,0.7500,0.2835
0005,paper,12,126,0.8077,0.2925
0005,paper,12,132,0.8654,0.2995
0005,paper,12,138,0.8654,0.3218
0005,paper,24,0,1.0000,0.4368
0005,paper,24,12,1.0000,0.4633
0005,paper,24,24,1.0000,0.4639
0005,paper,24,36,1.0000,0.4207
0005,paper,24,48,0.9231,0.3673
0005,paper,24,60,1.0000,0.3352
0005,paper,24,72,0.9423,0.3096
0005,paper,24,84,0.9231,0.2823
0005,paper,24,96,0.8077,0.2614
0005,paper,24,108,0.7885,0.2681
0005,paper,24,120,0.8462,0.2914
0005,improved,12,0,1.0000,0.4079
0005,improved,12,6,1.0000,0.4478
0005,improved,12,12,1.0000,0.4711
0005,improved,12,18,0.9808,0.4717
0005,improved,12,24,0.9808,0.4716
0005,improved,12,30,0.9808,0.4589
0005,improved,12,36,0.9808,0.4519
0005,improved,12,42,1.0000,0.4361
0005,improved,12,48,0.9808,0.3852
0005,improved,12,54,0.9808,0.3476
0005,improved,12,60,1.0000,0.3484
0005,improved,12,66,1.0000,0.3446
0005,improved,12,72,1.0000,0.3216
0005,improved,12,78,0.9808,0.2998
0005,improved,12,84,0.9808,0.2896
0005,improved,12,90,0.9808,0.2766
0005,improved,12,96,0.9808,0.2648
0005,improved,12,102,0.9808,0.2756
0005,improved,12,108,0.9615,0.2709
0005,improved,12,114,0.8846,0.2721
0005,improved,12,120,0.9038,0.3165
0005,improved,12,126,1.0000,0.3416
0005,improved,12,132,0.9808,0.3537
0005,improved,12,138,0.9808,0.3726
0005,improved,24,0,1.0000,0.4403
0005,improved,24,12,0.9808,0.4714
0005,improved,24,24,0.9808,0.4610
0005,improved,24,36,1.0000,0.4176
0005,improved,24,48,1.0000,0.3691
0005,improved,24,60,1.0000,0.3347
0005,improved,24,72,1.0000,0.3053
0005,improved,24,84,0.9808,0.2783
0005,improved,24,96,0.9808,0.2674
0005,improved,24,108,0.9808,0.2913
0005,improved,24,120,0.9808,0.3360
0052,paper,12,0,0.9808,0.3170
0052,paper,12,6,1.0000,0.3164
0052,paper,12,12,1.0000,0.3235
0052,paper,12,18,1.0000,0.3257
0052,paper,12,24,0.9615,0.3283
0052,paper,12,30,0.9808,0.3512
0052,paper,12,36,1.0000,0.3732
0052,paper,12,42,0.9615,0.3751
0052,paper,12,48,0.9808,0.3669
0052,paper,12,54,1.0000,0.3564
0052,paper,12,60,1.0000,0.3496
0052,paper,12,66,1.0000,0.3426
0052,paper,24,0,1.0000,0.3201
0052,paper,24,12,1.0000,0.3258
0052,paper,24,24,0.9808,0.3492
0052,paper,24,36,1.0000,0.3700
0052,paper,24,48,1.0000,0.3583
0052,improved,12,0,0.9615,0.3063
0052,improved,12,6,0.9808,0.2835
0052,improved,12,12,0.9808,0.2946
0052,improved,12,18,1.0000,0.2984
0052,improved,12,24,0.9423,0.2924
0052,improved,12,30,0.9808,0.3052
0052,improved,12,36,1.0000,0.3330
0052,improved,12,42,0.9808,0.3398
0052,improved,12,48,0.9808,0.3237
0052,improved,12,54,1.0000,0.3126
0052,improved,12,60,1.0000,0.3097
0052,improved,12,66,1.0000,0.3060
0052,improved,24,0,1.0000,0.3006
0052,improved,24,12,0.9808,0.2935
0052,improved,24,24,0.9808,0.3117
0052,improved,24,36,0.9808,0.3284
0052,improved,24,48,1.0000,0.3169
