variant,threshold,false_alarm_pct_12f,false_alarm_windows_12f,false_alarm_pct_12f_0048,false_alarm_pct_12f_0005,false_alarm_pct_12f_0052,false_alarm_pct_24f,false_alarm_windows_24f,false_alarm_pct_24f_0048,false_alarm_pct_24f_0005,false_alarm_pct_24f_0052,false_alarm_pooled_sets,false_alarm_pooled_sets_of,random_drift_detect_pct,random_drift_detect_pct_dev,random_drift_detect_pct_holdout,random_drift_detect_pct_holdout_0001,single_axis_detect_pct,single_axis_small_flagged_pct
paper,0.8,7.9,38,0.0,12.5,0.0,6.2,16,,9.1,0.0,0,3,81.7,80.0,80.0,85.0,51.1,5.6
paper,0.81,10.5,38,0.0,16.7,0.0,12.5,16,,18.2,0.0,0,3,88.3,80.0,85.0,100.0,53.3,5.6
paper,0.82,10.5,38,0.0,16.7,0.0,12.5,16,,18.2,0.0,0,3,88.3,80.0,85.0,100.0,53.3,5.6
paper,0.83,10.5,38,0.0,16.7,0.0,12.5,16,,18.2,0.0,0,3,88.3,80.0,85.0,100.0,55.6,5.6
paper,0.84,10.5,38,0.0,16.7,0.0,12.5,16,,18.2,0.0,0,3,88.3,80.0,85.0,100.0,55.6,5.6
paper,0.85,13.2,38,0.0,20.8,0.0,18.8,16,,27.3,0.0,0,3,88.3,80.0,85.0,100.0,60.0,5.6
paper,0.86,13.2,38,0.0,20.8,0.0,18.8,16,,27.3,0.0,0,3,88.3,80.0,85.0,100.0,60.0,5.6
paper,0.87,18.4,38,0.0,29.2,0.0,18.8,16,,27.3,0.0,0,3,90.0,80.0,90.0,100.0,71.1,5.6
paper,0.88,18.4,38,0.0,29.2,0.0,18.8,16,,27.3,0.0,0,3,90.0,80.0,90.0,100.0,71.1,5.6
paper,0.89,21.1,38,50.0,29.2,0.0,18.8,16,,27.3,0.0,0,3,93.3,85.0,95.0,100.0,75.6,11.1
paper,0.9,21.1,38,50.0,29.2,0.0,18.8,16,,27.3,0.0,0,3,93.3,85.0,95.0,100.0,75.6,11.1
paper,0.91,26.3,38,50.0,37.5,0.0,18.8,16,,27.3,0.0,0,3,96.7,95.0,95.0,100.0,80.0,22.2
paper,0.92,26.3,38,50.0,37.5,0.0,18.8,16,,27.3,0.0,0,3,96.7,95.0,95.0,100.0,80.0,22.2
paper,0.93,31.6,38,50.0,45.8,0.0,31.2,16,,45.5,0.0,0,3,96.7,95.0,95.0,100.0,84.4,44.4
paper,0.94,31.6,38,50.0,45.8,0.0,31.2,16,,45.5,0.0,0,3,96.7,95.0,95.0,100.0,84.4,44.4
paper,0.95,34.2,38,50.0,50.0,0.0,37.5,16,,54.5,0.0,1,3,100.0,100.0,100.0,100.0,91.1,55.6
paper,0.96,34.2,38,50.0,50.0,0.0,37.5,16,,54.5,0.0,1,3,100.0,100.0,100.0,100.0,91.1,55.6
paper,0.97,44.7,38,50.0,58.3,16.7,37.5,16,,54.5,0.0,1,3,100.0,100.0,100.0,100.0,93.3,61.1
paper,0.98,44.7,38,50.0,58.3,16.7,37.5,16,,54.5,0.0,1,3,100.0,100.0,100.0,100.0,93.3,61.1
improved,0.8,0.0,38,0.0,0.0,0.0,0.0,16,,0.0,0.0,0,3,91.7,85.0,90.0,100.0,57.8,11.1
improved,0.81,0.0,38,0.0,0.0,0.0,0.0,16,,0.0,0.0,0,3,91.7,85.0,90.0,100.0,64.4,11.1
improved,0.82,0.0,38,0.0,0.0,0.0,0.0,16,,0.0,0.0,0,3,91.7,85.0,90.0,100.0,64.4,11.1
improved,0.83,0.0,38,0.0,0.0,0.0,0.0,16,,0.0,0.0,0,3,91.7,85.0,90.0,100.0,68.9,11.1
improved,0.84,0.0,38,0.0,0.0,0.0,0.0,16,,0.0,0.0,0,3,91.7,85.0,90.0,100.0,68.9,11.1
improved,0.85,0.0,38,0.0,0.0,0.0,0.0,16,,0.0,0.0,0,3,93.3,90.0,90.0,100.0,71.1,22.2
improved,0.86,0.0,38,0.0,0.0,0.0,0.0,16,,0.0,0.0,0,3,93.3,90.0,90.0,100.0,71.1,22.2
improved,0.87,0.0,38,0.0,0.0,0.0,0.0,16,,0.0,0.0,0,3,93.3,90.0,90.0,100.0,73.3,22.2
improved,0.88,0.0,38,0.0,0.0,0.0,0.0,16,,0.0,0.0,0,3,93.3,90.0,90.0,100.0,73.3,22.2
improved,0.89,5.3,38,50.0,4.2,0.0,0.0,16,,0.0,0.0,0,3,93.3,90.0,90.0,100.0,77.8,27.8
improved,0.9,5.3,38,50.0,4.2,0.0,0.0,16,,0.0,0.0,0,3,93.3,90.0,90.0,100.0,77.8,27.8
improved,0.91,7.9,38,50.0,8.3,0.0,0.0,16,,0.0,0.0,1,3,95.0,95.0,90.0,100.0,80.0,33.3
improved,0.92,7.9,38,50.0,8.3,0.0,0.0,16,,0.0,0.0,1,3,95.0,95.0,90.0,100.0,80.0,33.3
improved,0.93,7.9,38,50.0,8.3,0.0,0.0,16,,0.0,0.0,1,3,96.7,95.0,95.0,100.0,82.2,33.3
improved,0.94,7.9,38,50.0,8.3,0.0,0.0,16,,0.0,0.0,1,3,96.7,95.0,95.0,100.0,82.2,33.3
improved,0.95,13.2,38,100.0,8.3,8.3,0.0,16,,0.0,0.0,1,3,100.0,100.0,100.0,100.0,84.4,33.3
improved,0.96,13.2,38,100.0,8.3,8.3,0.0,16,,0.0,0.0,1,3,100.0,100.0,100.0,100.0,84.4,33.3
improved,0.97,18.4,38,100.0,12.5,16.7,0.0,16,,0.0,0.0,1,3,100.0,100.0,100.0,100.0,86.7,33.3
improved,0.98,18.4,38,100.0,12.5,16.7,0.0,16,,0.0,0.0,1,3,100.0,100.0,100.0,100.0,86.7,33.3
