2026/10/05 17:47:26.944, 133 MiB
2026/10/05 17:47:27.455, 133 MiB
2026/10/05 17:47:27.967, 133 MiB
2026/10/05 17:47:28.477, 133 MiB
2026/10/05 17:47:28.988, 218 MiB
2026/10/05 17:47:29.498, 218 MiB
2026/10/05 17:47:30.008, 218 MiB
2026/10/05 17:47:30.515, 218 MiB
2026/10/05 17:47:31.021, 218 MiB
2026/10/05 17:47:31.529, 218 MiB
2026/10/05 17:47:32.040, 218 MiB
2026/10/05 17:47:32.547, 218 MiB
2026/10/05 17:47:33.054, 218 MiB
2026/10/05 17:47:33.560, 218 MiB
2026/10/05 17:47:34.070, 218 MiB
2026/10/05 17:47:34.575, 218 MiB
2026/10/05 17:47:35.083, 218 MiB
2026/10/05 17:47:35.587, 218 MiB
2026/10/05 17:47:36.095, 218 MiB
2026/10/05 17:47:36.601, 218 MiB
2026/10/05 17:47:37.107, 218 MiB
2026/10/05 17:47:37.612, 218 MiB
2026/10/05 17:47:38.119, 218 MiB
2026/10/05 17:47:38.623, 218 MiB
2026/10/05 17:47:39.131, 218 MiB
2026/10/05 17:47:39.641, 218 MiB
2026/10/05 17:47:40.152, 218 MiB
2026/10/05 17:47:40.656, 218 MiB
2026/10/05 17:47:41.166, 218 MiB
2026/10/05 17:47:41.668, 218 MiB
2026/10/05 17:47:42.173, 218 MiB
2026/10/05 17:47:42.684, 218 MiB
2026/10/05 17:47:43.195, 218 MiB
2026/10/05 17:47:43.707, 218 MiB
2026/10/05 17:47:44.213, 218 MiB
2026/10/05 17:47:44.722, 218 MiB
2026/10/05 17:47:45.228, 218 MiB
2026/10/05 17:47:45.735, 218 MiB
2026/10/05 17:47:46.241, 218 MiB
2026/10/05 17:47:46.751, 218 MiB
2026/10/05 17:47:47.261, 218 MiB
2026/10/05 17:47:47.769, 218 MiB
2026/10/05 17:47:48.276, 218 MiB
2026/10/05 17:47:48.782, 218 MiB
2026/10/05 17:47:49.292, 218 MiB
2026/10/05 17:47:49.799, 218 MiB
2026/10/05 17:47:50.310, 218 MiB
2026/10/05 17:47:50.818, 218 MiB
2026/10/05 17:47:51.322, 218 MiB
2026/10/05 17:47:51.832, 218 MiB
2026/10/05 17:47:52.337, 218 MiB
2026/10/05 17:47:52.847, 218 MiB
2026/10/05 17:47:53.353, 218 MiB
2026/10/05 17:47:53.863, 218 MiB
2026/10/05 17:47:54.371, 218 MiB
2026/10/05 17:47:54.877, 218 MiB
2026/10/05 17:47:55.386, 218 MiB
2026/10/05 17:47:55.890, 218 MiB
2026/10/05 17:47:56.400, 218 MiB
2026/10/05 17:47:56.904, 218 MiB
2026/10/05 17:47:57.417, 218 MiB
2026/10/05 17:47:57.923, 218 MiB
2026/10/05 17:47:58.427, 218 MiB
2026/10/05 17:47:58.939, 218 MiB
2026/10/05 17:47:59.449, 218 MiB
2026/10/05 17:47:59.957, 218 MiB
2026/10/05 17:48:00.469, 218 MiB
2026/10/05 17:48:00.977, 218 MiB
2026/10/05 17:48:01.487, 218 MiB
2026/10/05 17:48:01.997, 218 MiB
2026/10/05 17:48:02.506, 218 MiB
2026/10/05 17:48:03.016, 218 MiB
2026/10/05 17:48:03.526, 218 MiB
2026/10/05 17:48:04.034, 218 MiB
2026/10/05 17:48:04.546, 218 MiB
2026/10/05 17:48:05.060, 218 MiB
2026/10/05 17:48:05.571, 218 MiB
2026/10/05 17:48:06.080, 218 MiB
2026/10/05 17:48:06.593, 218 MiB
2026/10/05 17:48:07.103, 218 MiB
2026/10/05 17:48:07.606, 218 MiB
2026/10/05 17:48:08.116, 218 MiB
2026/10/05 17:48:08.625, 218 MiB
2026/10/05 17:48:09.132, 218 MiB
2026/10/05 17:48:09.642, 218 MiB
2026/10/05 17:48:10.146, 218 MiB
2026/10/05 17:48:10.653, 218 MiB
2026/10/05 17:48:11.161, 218 MiB
2026/10/05 17:48:11.674, 218 MiB
2026/10/05 17:48:12.182, 218 MiB
2026/10/05 17:48:12.690, 218 MiB
2026/10/05 17:48:13.202, 218 MiB
2026/10/05 17:48:13.712, 218 MiB
2026/10/05 17:48:14.217, 218 MiB
2026/10/05 17:48:14.727, 218 MiB
2026/10/05 17:48:15.237, 218 MiB
2026/10/05 17:48:15.744, 218 MiB
2026/10/05 17:48:16.250, 218 MiB
2026/10/05 17:48:16.751, 218 MiB
2026/10/05 17:48:17.263, 218 MiB
2026/10/05 17:48:17.771, 218 MiB
2026/10/05 17:48:18.283, 218 MiB
2026/10/05 17:48:18.794, 218 MiB
2026/10/05 17:48:19.303, 218 MiB
2026/10/05 17:48:19.814, 218 MiB
2026/10/05 17:48:20.316, 218 MiB
2026/10/05 17:48:20.824, 218 MiB
2026/10/05 17:48:21.335, 218 MiB
2026/10/05 17:48:21.841, 218 MiB
2026/10/05 17:48:22.347, 218 MiB
2026/10/05 17:48:22.857, 218 MiB
2026/10/05 17:48:23.366, 218 MiB
2026/10/05 17:48:23.872, 218 MiB
2026/10/05 17:48:24.379, 218 MiB
2026/10/05 17:48:24.887, 218 MiB
2026/10/05 17:48:25.396, 218 MiB
2026/10/05 17:48:25.906, 218 MiB
2026/10/05 17:48:26.415, 218 MiB
2026/10/05 17:48:26.929, 218 MiB
2026/10/05 17:48:27.430, 218 MiB
2026/10/05 17:48:27.939, 218 MiB
2026/10/05 17:48:28.452, 218 MiB
2026/10/05 17:48:28.957, 218 MiB
2026/10/05 17:48:29.466, 218 MiB
2026/10/05 17:48:29.974, 218 MiB
2026/10/05 17:48:30.483, 218 MiB
2026/10/05 17:48:30.990, 218 MiB
2026/10/05 17:48:31.498, 218 MiB
2026/10/05 17:48:32.005, 218 MiB
2026/10/05 17:48:32.511, 218 MiB
2026/10/05 17:48:33.020, 218 MiB
2026/10/05 17:48:33.526, 218 MiB
2026/10/05 17:48:34.036, 218 MiB
2026/10/05 17:48:34.549, 218 MiB
2026/10/05 17:48:35.057, 218 MiB
2026/10/05 17:48:35.566, 218 MiB
2026/10/05 17:48:36.078, 218 MiB
2026/10/05 17:48:36.584, 218 MiB
2026/10/05 17:48:37.093, 218 MiB
2026/10/05 17:48:37.605, 218 MiB
2026/10/05 17:48:38.118, 218 MiB
2026/10/05 17:48:38.628, 218 MiB
2026/10/05 17:48:39.137, 218 MiB
2026/10/05 17:48:39.646, 218 MiB
2026/10/05 17:48:40.155, 218 MiB
2026/10/05 17:48:40.665, 218 MiB
2026/10/05 17:48:41.176, 218 MiB
2026/10/05 17:48:41.688, 218 MiB
2026/10/05 17:48:42.200, 218 MiB
2026/10/05 17:48:42.711, 218 MiB
2026/10/05 17:48:43.224, 218 MiB
2026/10/05 17:48:43.738, 218 MiB
2026/10/05 17:48:44.250, 218 MiB
2026/10/05 17:48:44.760, 218 MiB
2026/10/05 17:48:45.260, 218 MiB
2026/10/05 17:48:45.774, 218 MiB
2026/10/05 17:48:46.285, 218 MiB
2026/10/05 17:48:46.797, 218 MiB
2026/10/05 17:48:47.308, 218 MiB
2026/10/05 17:48:47.822, 218 MiB
2026/10/05 17:48:48.322, 218 MiB
2026/10/05 17:48:48.836, 218 MiB
2026/10/05 17:48:49.347, 218 MiB
2026/10/05 17:48:49.859, 218 MiB
2026/10/05 17:48:50.365, 218 MiB
2026/10/05 17:48:50.879, 218 MiB
2026/10/05 17:48:51.390, 218 MiB
2026/10/05 17:48:51.901, 218 MiB
2026/10/05 17:48:52.408, 218 MiB
2026/10/05 17:48:52.922, 218 MiB
2026/10/05 17:48:53.431, 218 MiB
2026/10/05 17:48:53.940, 218 MiB
2026/10/05 17:48:54.449, 218 MiB
2026/10/05 17:48:54.958, 218 MiB
2026/10/05 17:48:55.470, 218 MiB
2026/10/05 17:48:55.981, 218 MiB
2026/10/05 17:48:56.494, 218 MiB
2026/10/05 17:48:57.004, 218 MiB
2026/10/05 17:48:57.510, 218 MiB
2026/10/05 17:48:58.019, 218 MiB
2026/10/05 17:48:58.528, 218 MiB
2026/10/05 17:48:59.034, 218 MiB
2026/10/05 17:48:59.535, 218 MiB
2026/10/05 17:49:00.043, 218 MiB
2026/10/05 17:49:00.555, 218 MiB
2026/10/05 17:49:01.059, 218 MiB
2026/10/05 17:49:01.570, 218 MiB
2026/10/05 17:49:02.081, 218 MiB
2026/10/05 17:49:02.591, 218 MiB
2026/10/05 17:49:03.101, 218 MiB
2026/10/05 17:49:03.608, 218 MiB
2026/10/05 17:49:04.119, 218 MiB
2026/10/05 17:49:04.629, 218 MiB
2026/10/05 17:49:05.141, 218 MiB
2026/10/05 17:49:05.650, 218 MiB
2026/10/05 17:49:06.154, 218 MiB
2026/10/05 17:49:06.662, 218 MiB
2026/10/05 17:49:07.174, 218 MiB
2026/10/05 17:49:07.684, 218 MiB
2026/10/05 17:49:08.185, 218 MiB
2026/10/05 17:49:08.695, 218 MiB
2026/10/05 17:49:09.206, 218 MiB
2026/10/05 17:49:09.714, 218 MiB
2026/10/05 17:49:10.224, 218 MiB
2026/10/05 17:49:10.736, 218 MiB
2026/10/05 17:49:11.243, 218 MiB
2026/10/05 17:49:11.755, 218 MiB
2026/10/05 17:49:12.264, 218 MiB
2026/10/05 17:49:12.772, 218 MiB
2026/10/05 17:49:13.281, 218 MiB
2026/10/05 17:49:13.788, 218 MiB
2026/10/05 17:49:14.300, 218 MiB
2026/10/05 17:49:14.805, 218 MiB
2026/10/05 17:49:15.313, 218 MiB
2026/10/05 17:49:15.824, 218 MiB
2026/10/05 17:49:16.333, 218 MiB
2026/10/05 17:49:16.841, 218 MiB
2026/10/05 17:49:17.354, 218 MiB
2026/10/05 17:49:17.861, 218 MiB
2026/10/05 17:49:18.370, 218 MiB
2026/10/05 17:49:18.875, 218 MiB
2026/10/05 17:49:19.381, 218 MiB
2026/10/05 17:49:19.889, 218 MiB
2026/10/05 17:49:20.399, 218 MiB
2026/10/05 17:49:20.909, 218 MiB
2026/10/05 17:49:21.416, 218 MiB
2026/10/05 17:49:21.923, 218 MiB
2026/10/05 17:49:22.434, 218 MiB
2026/10/05 17:49:22.945, 356 MiB
2026/10/05 17:49:23.453, 398 MiB
2026/10/05 17:49:23.962, 218 MiB
2026/10/05 17:49:24.470, 218 MiB
2026/10/05 17:49:24.977, 218 MiB
2026/10/05 17:49:25.485, 218 MiB
2026/10/05 17:49:25.996, 218 MiB
2026/10/05 17:49:26.503, 218 MiB
2026/10/05 17:49:27.013, 218 MiB
2026/10/05 17:49:27.522, 218 MiB
2026/10/05 17:49:28.026, 218 MiB
2026/10/05 17:49:28.537, 218 MiB
2026/10/05 17:49:29.048, 218 MiB
2026/10/05 17:49:29.556, 218 MiB
2026/10/05 17:49:30.063, 218 MiB
2026/10/05 17:49:30.569, 218 MiB
2026/10/05 17:49:31.078, 218 MiB
2026/10/05 17:49:31.588, 218 MiB
2026/10/05 17:49:32.095, 218 MiB
2026/10/05 17:49:32.601, 218 MiB
2026/10/05 17:49:33.109, 218 MiB
2026/10/05 17:49:33.617, 218 MiB
2026/10/05 17:49:34.127, 218 MiB
2026/10/05 17:49:34.635, 218 MiB
2026/10/05 17:49:35.147, 218 MiB
2026/10/05 17:49:35.654, 218 MiB
2026/10/05 17:49:36.167, 218 MiB
2026/10/05 17:49:36.673, 218 MiB
2026/10/05 17:49:37.179, 218 MiB
2026/10/05 17:49:37.685, 218 MiB
2026/10/05 17:49:38.193, 218 MiB
2026/10/05 17:49:38.702, 218 MiB
2026/10/05 17:49:39.210, 218 MiB
2026/10/05 17:49:39.717, 218 MiB
2026/10/05 17:49:40.224, 218 MiB
2026/10/05 17:49:40.733, 218 MiB
2026/10/05 17:49:41.241, 218 MiB
2026/10/05 17:49:41.747, 218 MiB
2026/10/05 17:49:42.256, 218 MiB
2026/10/05 17:49:42.767, 218 MiB
2026/10/05 17:49:43.274, 218 MiB
2026/10/05 17:49:43.779, 218 MiB
2026/10/05 17:49:44.289, 218 MiB
2026/10/05 17:49:44.800, 218 MiB
2026/10/05 17:49:45.311, 218 MiB
2026/10/05 17:49:45.817, 218 MiB
2026/10/05 17:49:46.329, 218 MiB
2026/10/05 17:49:46.834, 218 MiB
2026/10/05 17:49:47.343, 218 MiB
2026/10/05 17:49:47.854, 218 MiB
2026/10/05 17:49:48.366, 218 MiB
2026/10/05 17:49:48.873, 218 MiB
2026/10/05 17:49:49.381, 218 MiB
2026/10/05 17:49:49.889, 218 MiB
2026/10/05 17:49:50.395, 218 MiB
2026/10/05 17:49:50.900, 218 MiB
2026/10/05 17:49:51.406, 218 MiB
2026/10/05 17:49:51.913, 218 MiB
2026/10/05 17:49:52.416, 218 MiB
2026/10/05 17:49:52.924, 218 MiB
2026/10/05 17:49:53.435, 218 MiB
2026/10/05 17:49:53.937, 218 MiB
2026/10/05 17:49:54.448, 218 MiB
2026/10/05 17:49:54.951, 218 MiB
2026/10/05 17:49:55.461, 218 MiB
2026/10/05 17:49:55.973, 218 MiB
2026/10/05 17:49:56.479, 218 MiB
2026/10/05 17:49:56.985, 218 MiB
2026/10/05 17:49:57.491, 218 MiB
2026/10/05 17:49:57.996, 218 MiB
2026/10/05 17:49:58.504, 218 MiB
2026/10/05 17:49:59.012, 218 MiB
2026/10/05 17:49:59.520, 218 MiB
2026/10/05 17:50:00.027, 218 MiB
2026/10/05 17:50:00.534, 218 MiB
2026/10/05 17:50:01.044, 218 MiB
2026/10/05 17:50:01.550, 218 MiB
2026/10/05 17:50:02.058, 218 MiB
2026/10/05 17:50:02.563, 218 MiB
2026/10/05 17:50:03.068, 218 MiB
2026/10/05 17:50:03.577, 218 MiB
2026/10/05 17:50:04.085, 218 MiB
2026/10/05 17:50:04.593, 218 MiB
2026/10/05 17:50:05.100, 218 MiB
2026/10/05 17:50:05.607, 218 MiB
2026/10/05 17:50:06.112, 218 MiB
2026/10/05 17:50:06.615, 218 MiB
2026/10/05 17:50:07.124, 218 MiB
2026/10/05 17:50:07.634, 218 MiB
2026/10/05 17:50:08.143, 218 MiB
2026/10/05 17:50:08.656, 218 MiB
2026/10/05 17:50:09.166, 218 MiB
2026/10/05 17:50:09.671, 218 MiB
2026/10/05 17:50:10.182, 218 MiB
2026/10/05 17:50:10.695, 218 MiB
2026/10/05 17:50:11.197, 218 MiB
2026/10/05 17:50:11.711, 218 MiB
2026/10/05 17:50:12.222, 218 MiB
2026/10/05 17:50:12.733, 218 MiB
2026/10/05 17:50:13.239, 218 MiB
2026/10/05 17:50:13.744, 218 MiB
2026/10/05 17:50:14.251, 218 MiB
2026/10/05 17:50:14.760, 218 MiB
2026/10/05 17:50:15.271, 218 MiB
2026/10/05 17:50:15.779, 218 MiB
2026/10/05 17:50:16.284, 218 MiB
2026/10/05 17:50:16.790, 218 MiB
2026/10/05 17:50:17.298, 218 MiB
2026/10/05 17:50:17.807, 218 MiB
2026/10/05 17:50:18.317, 218 MiB
2026/10/05 17:50:18.827, 218 MiB
2026/10/05 17:50:19.335, 218 MiB
2026/10/05 17:50:19.841, 218 MiB
2026/10/05 17:50:20.347, 218 MiB
2026/10/05 17:50:20.854, 218 MiB
2026/10/05 17:50:21.363, 218 MiB
2026/10/05 17:50:21.872, 218 MiB
2026/10/05 17:50:22.376, 218 MiB
2026/10/05 17:50:22.889, 218 MiB
2026/10/05 17:50:23.395, 218 MiB
2026/10/05 17:50:23.905, 218 MiB
2026/10/05 17:50:24.414, 218 MiB
2026/10/05 17:50:24.919, 218 MiB
2026/10/05 17:50:25.424, 218 MiB
2026/10/05 17:50:25.931, 218 MiB
2026/10/05 17:50:26.440, 218 MiB
2026/10/05 17:50:26.945, 218 MiB
2026/10/05 17:50:27.448, 218 MiB
2026/10/05 17:50:27.955, 218 MiB
2026/10/05 17:50:28.461, 218 MiB
2026/10/05 17:50:28.969, 218 MiB
2026/10/05 17:50:29.475, 218 MiB
2026/10/05 17:50:29.980, 218 MiB
2026/10/05 17:50:30.488, 218 MiB
2026/10/05 17:50:30.993, 218 MiB
2026/10/05 17:50:31.501, 218 MiB
2026/10/05 17:50:32.012, 218 MiB
2026/10/05 17:50:32.522, 218 MiB
2026/10/05 17:50:33.033, 218 MiB
2026/10/05 17:50:33.544, 218 MiB
2026/10/05 17:50:34.051, 218 MiB
2026/10/05 17:50:34.560, 218 MiB
2026/10/05 17:50:35.070, 218 MiB
2026/10/05 17:50:35.577, 218 MiB
2026/10/05 17:50:36.085, 218 MiB
2026/10/05 17:50:36.591, 218 MiB
2026/10/05 17:50:37.100, 218 MiB
2026/10/05 17:50:37.611, 218 MiB
2026/10/05 17:50:38.122, 218 MiB
2026/10/05 17:50:38.634, 218 MiB
2026/10/05 17:50:39.142, 218 MiB
2026/10/05 17:50:39.652, 218 MiB
2026/10/05 17:50:40.161, 218 MiB
2026/10/05 17:50:40.668, 218 MiB
2026/10/05 17:50:41.176, 218 MiB
2026/10/05 17:50:41.687, 218 MiB
2026/10/05 17:50:42.193, 218 MiB
2026/10/05 17:50:42.696, 218 MiB
2026/10/05 17:50:43.203, 218 MiB
2026/10/05 17:50:43.709, 218 MiB
2026/10/05 17:50:44.216, 218 MiB
2026/10/05 17:50:44.725, 218 MiB
2026/10/05 17:50:45.235, 218 MiB
2026/10/05 17:50:45.740, 218 MiB
2026/10/05 17:50:46.254, 218 MiB
2026/10/05 17:50:46.763, 218 MiB
2026/10/05 17:50:47.273, 218 MiB
2026/10/05 17:50:47.784, 218 MiB
2026/10/05 17:50:48.291, 218 MiB
2026/10/05 17:50:48.797, 218 MiB
2026/10/05 17:50:49.303, 218 MiB
2026/10/05 17:50:49.814, 218 MiB
2026/10/05 17:50:50.320, 218 MiB
2026/10/05 17:50:50.831, 218 MiB
2026/10/05 17:50:51.340, 218 MiB
2026/10/05 17:50:51.849, 218 MiB
2026/10/05 17:50:52.359, 218 MiB
2026/10/05 17:50:52.866, 218 MiB
2026/10/05 17:50:53.375, 218 MiB
2026/10/05 17:50:53.883, 218 MiB
2026/10/05 17:50:54.393, 218 MiB
2026/10/05 17:50:54.902, 218 MiB
2026/10/05 17:50:55.413, 218 MiB
2026/10/05 17:50:55.925, 218 MiB
2026/10/05 17:50:56.434, 218 MiB
2026/10/05 17:50:56.945, 218 MiB
2026/10/05 17:50:57.449, 218 MiB
2026/10/05 17:50:57.954, 218 MiB
2026/10/05 17:50:58.458, 218 MiB
2026/10/05 17:50:58.964, 218 MiB
2026/10/05 17:50:59.471, 218 MiB
2026/10/05 17:50:59.978, 218 MiB
2026/10/05 17:51:00.489, 218 MiB
2026/10/05 17:51:00.998, 218 MiB
2026/10/05 17:51:01.508, 218 MiB
2026/10/05 17:51:02.015, 218 MiB
2026/10/05 17:51:02.518, 218 MiB
2026/10/05 17:51:03.024, 218 MiB
2026/10/05 17:51:03.535, 218 MiB
2026/10/05 17:51:04.042, 218 MiB
2026/10/05 17:51:04.551, 218 MiB
2026/10/05 17:51:05.065, 218 MiB
2026/10/05 17:51:05.572, 218 MiB
2026/10/05 17:51:06.078, 218 MiB
2026/10/05 17:51:06.588, 218 MiB
2026/10/05 17:51:07.099, 218 MiB
2026/10/05 17:51:07.605, 218 MiB
2026/10/05 17:51:08.112, 218 MiB
2026/10/05 17:51:08.616, 218 MiB
2026/10/05 17:51:09.123, 218 MiB
2026/10/05 17:51:09.630, 218 MiB
2026/10/05 17:51:10.143, 218 MiB
2026/10/05 17:51:10.647, 218 MiB
2026/10/05 17:51:11.154, 218 MiB
2026/10/05 17:51:11.662, 218 MiB
2026/10/05 17:51:12.170, 218 MiB
2026/10/05 17:51:12.676, 218 MiB
2026/10/05 17:51:13.180, 218 MiB
2026/10/05 17:51:13.689, 218 MiB
2026/10/05 17:51:14.201, 218 MiB
2026/10/05 17:51:14.711, 218 MiB
2026/10/05 17:51:15.222, 218 MiB
2026/10/05 17:51:15.730, 218 MiB
2026/10/05 17:51:16.237, 218 MiB
2026/10/05 17:51:16.750, 218 MiB
2026/10/05 17:51:17.258, 218 MiB
2026/10/05 17:51:17.766, 218 MiB
2026/10/05 17:51:18.276, 218 MiB
2026/10/05 17:51:18.787, 218 MiB
2026/10/05 17:51:19.297, 218 MiB
2026/10/05 17:51:19.804, 218 MiB
2026/10/05 17:51:20.315, 218 MiB
2026/10/05 17:51:20.823, 218 MiB
2026/10/05 17:51:21.332, 218 MiB
2026/10/05 17:51:21.841, 218 MiB
2026/10/05 17:51:22.350, 218 MiB
2026/10/05 17:51:22.860, 218 MiB
2026/10/05 17:51:23.370, 218 MiB
2026/10/05 17:51:23.877, 218 MiB
2026/10/05 17:51:24.382, 218 MiB
2026/10/05 17:51:24.888, 218 MiB
2026/10/05 17:51:25.394, 218 MiB
2026/10/05 17:51:25.900, 218 MiB
2026/10/05 17:51:26.406, 218 MiB
2026/10/05 17:51:26.914, 218 MiB
2026/10/05 17:51:27.419, 218 MiB
2026/10/05 17:51:27.926, 218 MiB
2026/10/05 17:51:28.433, 218 MiB
2026/10/05 17:51:28.940, 218 MiB
2026/10/05 17:51:29.451, 218 MiB
2026/10/05 17:51:29.958, 218 MiB
2026/10/05 17:51:30.471, 218 MiB
2026/10/05 17:51:30.983, 218 MiB
2026/10/05 17:51:31.491, 218 MiB
2026/10/05 17:51:32.000, 218 MiB
2026/10/05 17:51:32.511, 218 MiB
2026/10/05 17:51:33.022, 218 MiB
2026/10/05 17:51:33.530, 218 MiB
2026/10/05 17:51:34.036, 218 MiB
2026/10/05 17:51:34.541, 218 MiB
2026/10/05 17:51:35.043, 218 MiB
2026/10/05 17:51:35.551, 218 MiB
2026/10/05 17:51:36.056, 218 MiB
2026/10/05 17:51:36.562, 218 MiB
2026/10/05 17:51:37.069, 218 MiB
2026/10/05 17:51:37.577, 218 MiB
2026/10/05 17:51:38.084, 218 MiB
2026/10/05 17:51:38.592, 218 MiB
2026/10/05 17:51:39.097, 218 MiB
2026/10/05 17:51:39.604, 218 MiB
2026/10/05 17:51:40.113, 218 MiB
2026/10/05 17:51:40.621, 218 MiB
2026/10/05 17:51:41.128, 218 MiB
2026/10/05 17:51:41.638, 218 MiB
2026/10/05 17:51:42.151, 218 MiB
2026/10/05 17:51:42.660, 218 MiB
2026/10/05 17:51:43.167, 218 MiB
2026/10/05 17:51:43.677, 218 MiB
2026/10/05 17:51:44.185, 218 MiB
2026/10/05 17:51:44.693, 218 MiB
2026/10/05 17:51:45.198, 218 MiB
2026/10/05 17:51:45.704, 218 MiB
2026/10/05 17:51:46.212, 218 MiB
2026/10/05 17:51:46.722, 218 MiB
2026/10/05 17:51:47.232, 218 MiB
2026/10/05 17:51:47.740, 218 MiB
2026/10/05 17:51:48.247, 218 MiB
2026/10/05 17:51:48.759, 218 MiB
2026/10/05 17:51:49.270, 218 MiB
2026/10/05 17:51:49.781, 218 MiB
2026/10/05 17:51:50.288, 218 MiB
2026/10/05 17:51:50.796, 218 MiB
2026/10/05 17:51:51.303, 218 MiB
2026/10/05 17:51:51.806, 218 MiB
2026/10/05 17:51:52.315, 218 MiB
2026/10/05 17:51:52.819, 218 MiB
2026/10/05 17:51:53.327, 218 MiB
2026/10/05 17:51:53.839, 218 MiB
2026/10/05 17:51:54.347, 218 MiB
2026/10/05 17:51:54.858, 218 MiB
2026/10/05 17:51:55.363, 218 MiB
2026/10/05 17:51:55.870, 218 MiB
2026/10/05 17:51:56.377, 218 MiB
2026/10/05 17:51:56.885, 218 MiB
2026/10/05 17:51:57.395, 218 MiB
2026/10/05 17:51:57.904, 218 MiB
2026/10/05 17:51:58.410, 218 MiB
2026/10/05 17:51:58.918, 218 MiB
2026/10/05 17:51:59.424, 218 MiB
2026/10/05 17:51:59.929, 218 MiB
2026/10/05 17:52:00.437, 218 MiB
2026/10/05 17:52:00.942, 218 MiB
2026/10/05 17:52:01.450, 218 MiB
2026/10/05 17:52:01.960, 218 MiB
2026/10/05 17:52:02.467, 218 MiB
2026/10/05 17:52:02.978, 218 MiB
2026/10/05 17:52:03.485, 218 MiB
2026/10/05 17:52:03.994, 218 MiB
2026/10/05 17:52:04.501, 218 MiB
2026/10/05 17:52:05.010, 218 MiB
2026/10/05 17:52:05.520, 218 MiB
2026/10/05 17:52:06.030, 218 MiB
2026/10/05 17:52:06.541, 218 MiB
2026/10/05 17:52:07.052, 218 MiB
2026/10/05 17:52:07.563, 218 MiB
2026/10/05 17:52:08.071, 218 MiB
2026/10/05 17:52:08.579, 218 MiB
2026/10/05 17:52:09.083, 218 MiB
2026/10/05 17:52:09.591, 218 MiB
2026/10/05 17:52:10.098, 218 MiB
2026/10/05 17:52:10.608, 218 MiB
2026/10/05 17:52:11.117, 218 MiB
2026/10/05 17:52:11.623, 218 MiB
2026/10/05 17:52:12.131, 218 MiB
2026/10/05 17:52:12.641, 218 MiB
2026/10/05 17:52:13.149, 218 MiB
2026/10/05 17:52:13.659, 218 MiB
2026/10/05 17:52:14.167, 218 MiB
2026/10/05 17:52:14.675, 218 MiB
2026/10/05 17:52:15.186, 218 MiB
2026/10/05 17:52:15.695, 218 MiB
2026/10/05 17:52:16.201, 218 MiB
2026/10/05 17:52:16.709, 218 MiB
2026/10/05 17:52:17.218, 218 MiB
2026/10/05 17:52:17.724, 218 MiB
2026/10/05 17:52:18.234, 218 MiB
2026/10/05 17:52:18.742, 218 MiB
2026/10/05 17:52:19.246, 218 MiB
2026/10/05 17:52:19.753, 218 MiB
2026/10/05 17:52:20.259, 218 MiB
2026/10/05 17:52:20.763, 218 MiB
2026/10/05 17:52:21.270, 218 MiB
2026/10/05 17:52:21.776, 218 MiB
2026/10/05 17:52:22.281, 218 MiB
2026/10/05 17:52:22.790, 218 MiB
2026/10/05 17:52:23.296, 218 MiB
2026/10/05 17:52:23.801, 218 MiB
2026/10/05 17:52:24.309, 218 MiB
2026/10/05 17:52:24.817, 218 MiB
2026/10/05 17:52:25.328, 218 MiB
2026/10/05 17:52:25.836, 218 MiB
2026/10/05 17:52:26.344, 218 MiB
2026/10/05 17:52:26.850, 218 MiB
2026/10/05 17:52:27.355, 218 MiB
2026/10/05 17:52:27.862, 218 MiB
2026/10/05 17:52:28.371, 218 MiB
2026/10/05 17:52:28.879, 218 MiB
2026/10/05 17:52:29.384, 218 MiB
2026/10/05 17:52:29.891, 218 MiB
2026/10/05 17:52:30.399, 218 MiB
2026/10/05 17:52:30.911, 218 MiB
2026/10/05 17:52:31.417, 218 MiB
2026/10/05 17:52:31.923, 218 MiB
2026/10/05 17:52:32.429, 218 MiB
2026/10/05 17:52:32.932, 218 MiB
2026/10/05 17:52:33.437, 218 MiB
2026/10/05 17:52:33.948, 218 MiB
2026/10/05 17:52:34.456, 218 MiB
2026/10/05 17:52:34.961, 218 MiB
2026/10/05 17:52:35.473, 218 MiB
2026/10/05 17:52:35.980, 218 MiB
2026/10/05 17:52:36.488, 218 MiB
2026/10/05 17:52:36.995, 218 MiB
2026/10/05 17:52:37.499, 218 MiB
2026/10/05 17:52:38.005, 218 MiB
2026/10/05 17:52:38.510, 218 MiB
2026/10/05 17:52:39.016, 218 MiB
2026/10/05 17:52:39.528, 218 MiB
2026/10/05 17:52:40.034, 218 MiB
2026/10/05 17:52:40.546, 218 MiB
2026/10/05 17:52:41.054, 218 MiB
2026/10/05 17:52:41.561, 218 MiB
2026/10/05 17:52:42.066, 218 MiB
2026/10/05 17:52:42.575, 218 MiB
2026/10/05 17:52:43.080, 218 MiB
2026/10/05 17:52:43.588, 218 MiB
2026/10/05 17:52:44.093, 218 MiB
2026/10/05 17:52:44.603, 218 MiB
2026/10/05 17:52:45.108, 218 MiB
2026/10/05 17:52:45.617, 218 MiB
2026/10/05 17:52:46.122, 218 MiB
2026/10/05 17:52:46.630, 218 MiB
2026/10/05 17:52:47.138, 218 MiB
2026/10/05 17:52:47.648, 218 MiB
2026/10/05 17:52:48.153, 218 MiB
2026/10/05 17:52:48.660, 218 MiB
2026/10/05 17:52:49.165, 218 MiB
2026/10/05 17:52:49.673, 218 MiB
2026/10/05 17:52:50.184, 218 MiB
2026/10/05 17:52:50.690, 218 MiB
2026/10/05 17:52:51.198, 218 MiB
2026/10/05 17:52:51.706, 218 MiB
2026/10/05 17:52:52.213, 218 MiB
2026/10/05 17:52:52.722, 218 MiB
2026/10/05 17:52:53.229, 218 MiB
2026/10/05 17:52:53.732, 218 MiB
2026/10/05 17:52:54.237, 218 MiB
2026/10/05 17:52:54.745, 218 MiB
2026/10/05 17:52:55.254, 218 MiB
2026/10/05 17:52:55.761, 218 MiB
2026/10/05 17:52:56.266, 218 MiB
2026/10/05 17:52:56.772, 218 MiB
2026/10/05 17:52:57.280, 218 MiB
2026/10/05 17:52:57.786, 218 MiB
2026/10/05 17:52:58.295, 218 MiB
2026/10/05 17:52:58.803, 218 MiB
2026/10/05 17:52:59.306, 218 MiB
2026/10/05 17:52:59.812, 218 MiB
2026/10/05 17:53:00.325, 218 MiB
2026/10/05 17:53:00.831, 218 MiB
2026/10/05 17:53:01.339, 218 MiB
2026/10/05 17:53:01.849, 218 MiB
2026/10/05 17:53:02.361, 218 MiB
2026/10/05 17:53:02.868, 218 MiB
2026/10/05 17:53:03.380, 218 MiB
2026/10/05 17:53:03.886, 218 MiB
2026/10/05 17:53:04.390, 218 MiB
2026/10/05 17:53:04.899, 218 MiB
2026/10/05 17:53:05.408, 218 MiB
2026/10/05 17:53:05.916, 218 MiB
2026/10/05 17:53:06.423, 218 MiB
2026/10/05 17:53:06.932, 218 MiB
2026/10/05 17:53:07.441, 218 MiB
2026/10/05 17:53:07.948, 218 MiB
2026/10/05 17:53:08.457, 218 MiB
2026/10/05 17:53:08.965, 218 MiB
2026/10/05 17:53:09.471, 218 MiB
2026/10/05 17:53:09.982, 218 MiB
2026/10/05 17:53:10.486, 218 MiB
2026/10/05 17:53:10.993, 218 MiB
2026/10/05 17:53:11.500, 218 MiB
2026/10/05 17:53:12.007, 218 MiB
2026/10/05 17:53:12.512, 218 MiB
2026/10/05 17:53:13.020, 218 MiB
2026/10/05 17:53:13.526, 218 MiB
2026/10/05 17:53:14.036, 218 MiB
2026/10/05 17:53:14.546, 218 MiB
2026/10/05 17:53:15.054, 218 MiB
2026/10/05 17:53:15.558, 218 MiB
2026/10/05 17:53:16.066, 218 MiB
2026/10/05 17:53:16.572, 218 MiB
2026/10/05 17:53:17.084, 218 MiB
2026/10/05 17:53:17.588, 218 MiB
2026/10/05 17:53:18.099, 218 MiB
2026/10/05 17:53:18.609, 218 MiB
2026/10/05 17:53:19.117, 218 MiB
2026/10/05 17:53:19.626, 218 MiB
2026/10/05 17:53:20.135, 218 MiB
2026/10/05 17:53:20.644, 218 MiB
2026/10/05 17:53:21.155, 218 MiB
2026/10/05 17:53:21.663, 218 MiB
2026/10/05 17:53:22.170, 218 MiB
2026/10/05 17:53:22.675, 218 MiB
2026/10/05 17:53:23.183, 218 MiB
2026/10/05 17:53:23.690, 218 MiB
2026/10/05 17:53:24.200, 218 MiB
2026/10/05 17:53:24.709, 218 MiB
2026/10/05 17:53:25.216, 218 MiB
2026/10/05 17:53:25.728, 218 MiB
2026/10/05 17:53:26.238, 218 MiB
2026/10/05 17:53:26.742, 218 MiB
2026/10/05 17:53:27.251, 218 MiB
2026/10/05 17:53:27.760, 218 MiB
2026/10/05 17:53:28.264, 218 MiB
2026/10/05 17:53:28.769, 218 MiB
2026/10/05 17:53:29.279, 218 MiB
2026/10/05 17:53:29.791, 218 MiB
2026/10/05 17:53:30.298, 218 MiB
2026/10/05 17:53:30.808, 218 MiB
2026/10/05 17:53:31.316, 218 MiB
2026/10/05 17:53:31.821, 218 MiB
2026/10/05 17:53:32.328, 218 MiB
2026/10/05 17:53:32.836, 218 MiB
2026/10/05 17:53:33.345, 218 MiB
2026/10/05 17:53:33.854, 218 MiB
2026/10/05 17:53:34.362, 218 MiB
2026/10/05 17:53:34.868, 218 MiB
2026/10/05 17:53:35.375, 218 MiB
2026/10/05 17:53:35.884, 218 MiB
2026/10/05 17:53:36.394, 218 MiB
2026/10/05 17:53:36.898, 218 MiB
2026/10/05 17:53:37.406, 218 MiB
2026/10/05 17:53:37.916, 218 MiB
2026/10/05 17:53:38.419, 218 MiB
2026/10/05 17:53:38.929, 218 MiB
2026/10/05 17:53:39.442, 218 MiB
2026/10/05 17:53:39.946, 218 MiB
2026/10/05 17:53:40.457, 218 MiB
2026/10/05 17:53:40.965, 218 MiB
2026/10/05 17:53:41.470, 218 MiB
2026/10/05 17:53:41.976, 218 MiB
2026/10/05 17:53:42.483, 218 MiB
2026/10/05 17:53:42.990, 218 MiB
2026/10/05 17:53:43.500, 218 MiB
2026/10/05 17:53:44.010, 218 MiB
2026/10/05 17:53:44.518, 218 MiB
2026/10/05 17:53:45.025, 218 MiB
2026/10/05 17:53:45.530, 218 MiB
2026/10/05 17:53:46.037, 218 MiB
2026/10/05 17:53:46.549, 218 MiB
2026/10/05 17:53:47.059, 218 MiB
2026/10/05 17:53:47.568, 218 MiB
2026/10/05 17:53:48.077, 218 MiB
2026/10/05 17:53:48.588, 218 MiB
2026/10/05 17:53:49.095, 218 MiB
2026/10/05 17:53:49.602, 218 MiB
2026/10/05 17:53:50.107, 218 MiB
2026/10/05 17:53:50.614, 218 MiB
2026/10/05 17:53:51.123, 218 MiB
2026/10/05 17:53:51.633, 218 MiB
2026/10/05 17:53:52.142, 218 MiB
2026/10/05 17:53:52.651, 218 MiB
2026/10/05 17:53:53.159, 218 MiB
2026/10/05 17:53:53.667, 218 MiB
2026/10/05 17:53:54.175, 218 MiB
2026/10/05 17:53:54.680, 218 MiB
2026/10/05 17:53:55.187, 218 MiB
2026/10/05 17:53:55.693, 218 MiB
2026/10/05 17:53:56.200, 218 MiB
2026/10/05 17:53:56.708, 218 MiB
2026/10/05 17:53:57.214, 218 MiB
2026/10/05 17:53:57.718, 218 MiB
2026/10/05 17:53:58.227, 218 MiB
2026/10/05 17:53:58.736, 218 MiB
2026/10/05 17:53:59.244, 218 MiB
2026/10/05 17:53:59.752, 218 MiB
2026/10/05 17:54:00.261, 218 MiB
2026/10/05 17:54:00.773, 218 MiB
2026/10/05 17:54:01.281, 218 MiB
2026/10/05 17:54:01.791, 218 MiB
2026/10/05 17:54:02.299, 218 MiB
2026/10/05 17:54:02.806, 218 MiB
2026/10/05 17:54:03.314, 218 MiB
2026/10/05 17:54:03.820, 218 MiB
2026/10/05 17:54:04.326, 218 MiB
2026/10/05 17:54:04.837, 218 MiB
2026/10/05 17:54:05.343, 218 MiB
2026/10/05 17:54:05.848, 218 MiB
2026/10/05 17:54:06.354, 218 MiB
2026/10/05 17:54:06.860, 218 MiB
2026/10/05 17:54:07.364, 218 MiB
2026/10/05 17:54:07.875, 218 MiB
2026/10/05 17:54:08.386, 218 MiB
2026/10/05 17:54:08.897, 218 MiB
2026/10/05 17:54:09.404, 218 MiB
2026/10/05 17:54:09.914, 218 MiB
2026/10/05 17:54:10.423, 218 MiB
2026/10/05 17:54:10.927, 218 MiB
2026/10/05 17:54:11.436, 218 MiB
2026/10/05 17:54:11.944, 218 MiB
2026/10/05 17:54:12.451, 218 MiB
2026/10/05 17:54:12.962, 218 MiB
2026/10/05 17:54:13.469, 218 MiB
2026/10/05 17:54:13.974, 218 MiB
2026/10/05 17:54:14.483, 218 MiB
2026/10/05 17:54:14.990, 218 MiB
2026/10/05 17:54:15.496, 218 MiB
2026/10/05 17:54:16.008, 218 MiB
2026/10/05 17:54:16.517, 218 MiB
2026/10/05 17:54:17.027, 218 MiB
2026/10/05 17:54:17.531, 218 MiB
2026/10/05 17:54:18.041, 218 MiB
2026/10/05 17:54:18.547, 218 MiB
2026/10/05 17:54:19.052, 218 MiB
2026/10/05 17:54:19.559, 218 MiB
2026/10/05 17:54:20.067, 218 MiB
2026/10/05 17:54:20.574, 218 MiB
2026/10/05 17:54:21.083, 218 MiB
2026/10/05 17:54:21.594, 218 MiB
2026/10/05 17:54:22.099, 218 MiB
2026/10/05 17:54:22.610, 218 MiB
2026/10/05 17:54:23.121, 218 MiB
2026/10/05 17:54:23.628, 218 MiB
2026/10/05 17:54:24.135, 218 MiB
2026/10/05 17:54:24.642, 218 MiB
2026/10/05 17:54:25.151, 218 MiB
2026/10/05 17:54:25.658, 218 MiB
2026/10/05 17:54:26.167, 218 MiB
2026/10/05 17:54:26.680, 218 MiB
2026/10/05 17:54:27.186, 218 MiB
2026/10/05 17:54:27.693, 218 MiB
2026/10/05 17:54:28.199, 218 MiB
2026/10/05 17:54:28.708, 218 MiB
2026/10/05 17:54:29.215, 218 MiB
2026/10/05 17:54:29.720, 218 MiB
2026/10/05 17:54:30.228, 218 MiB
2026/10/05 17:54:30.736, 218 MiB
2026/10/05 17:54:31.242, 218 MiB
2026/10/05 17:54:31.745, 218 MiB
2026/10/05 17:54:32.255, 218 MiB
2026/10/05 17:54:32.762, 218 MiB
2026/10/05 17:54:33.269, 218 MiB
2026/10/05 17:54:33.774, 218 MiB
2026/10/05 17:54:34.283, 218 MiB
2026/10/05 17:54:34.789, 218 MiB
2026/10/05 17:54:35.298, 218 MiB
2026/10/05 17:54:35.808, 218 MiB
2026/10/05 17:54:36.312, 218 MiB
2026/10/05 17:54:36.818, 218 MiB
2026/10/05 17:54:37.323, 218 MiB
2026/10/05 17:54:37.827, 218 MiB
2026/10/05 17:54:38.335, 218 MiB
2026/10/05 17:54:38.840, 218 MiB
2026/10/05 17:54:39.344, 218 MiB
2026/10/05 17:54:39.849, 218 MiB
2026/10/05 17:54:40.356, 218 MiB
2026/10/05 17:54:40.869, 218 MiB
2026/10/05 17:54:41.380, 218 MiB
2026/10/05 17:54:41.886, 218 MiB
2026/10/05 17:54:42.400, 218 MiB
2026/10/05 17:54:42.908, 218 MiB
2026/10/05 17:54:43.418, 218 MiB
2026/10/05 17:54:43.924, 218 MiB
2026/10/05 17:54:44.432, 218 MiB
2026/10/05 17:54:44.941, 218 MiB
2026/10/05 17:54:45.450, 218 MiB
2026/10/05 17:54:45.960, 218 MiB
2026/10/05 17:54:46.470, 218 MiB
2026/10/05 17:54:46.979, 218 MiB
2026/10/05 17:54:47.484, 218 MiB
2026/10/05 17:54:47.990, 218 MiB
2026/10/05 17:54:48.497, 218 MiB
2026/10/05 17:54:49.005, 218 MiB
2026/10/05 17:54:49.511, 218 MiB
2026/10/05 17:54:50.018, 218 MiB
2026/10/05 17:54:50.524, 218 MiB
2026/10/05 17:54:51.031, 218 MiB
2026/10/05 17:54:51.536, 218 MiB
2026/10/05 17:54:52.047, 218 MiB
2026/10/05 17:54:52.554, 218 MiB
2026/10/05 17:54:53.062, 218 MiB
2026/10/05 17:54:53.566, 218 MiB
2026/10/05 17:54:54.073, 218 MiB
2026/10/05 17:54:54.580, 218 MiB
2026/10/05 17:54:55.088, 218 MiB
2026/10/05 17:54:55.593, 218 MiB
2026/10/05 17:54:56.101, 218 MiB
2026/10/05 17:54:56.609, 218 MiB
2026/10/05 17:54:57.115, 218 MiB
2026/10/05 17:54:57.623, 218 MiB
2026/10/05 17:54:58.128, 218 MiB
2026/10/05 17:54:58.634, 218 MiB
2026/10/05 17:54:59.140, 218 MiB
2026/10/05 17:54:59.645, 218 MiB
2026/10/05 17:55:00.151, 218 MiB
2026/10/05 17:55:00.657, 218 MiB
2026/10/05 17:55:01.164, 218 MiB
2026/10/05 17:55:01.670, 218 MiB
2026/10/05 17:55:02.177, 218 MiB
2026/10/05 17:55:02.685, 218 MiB
2026/10/05 17:55:03.195, 218 MiB
2026/10/05 17:55:03.705, 218 MiB
2026/10/05 17:55:04.210, 218 MiB
2026/10/05 17:55:04.717, 218 MiB
2026/10/05 17:55:05.231, 218 MiB
2026/10/05 17:55:05.739, 218 MiB
2026/10/05 17:55:06.246, 218 MiB
2026/10/05 17:55:06.754, 218 MiB
2026/10/05 17:55:07.265, 218 MiB
2026/10/05 17:55:07.773, 218 MiB
2026/10/05 17:55:08.284, 218 MiB
2026/10/05 17:55:08.792, 218 MiB
2026/10/05 17:55:09.302, 218 MiB
2026/10/05 17:55:09.812, 218 MiB
2026/10/05 17:55:10.324, 218 MiB
2026/10/05 17:55:10.832, 218 MiB
2026/10/05 17:55:11.340, 218 MiB
2026/10/05 17:55:11.850, 218 MiB
2026/10/05 17:55:12.360, 218 MiB
2026/10/05 17:55:12.869, 218 MiB
2026/10/05 17:55:13.378, 218 MiB
2026/10/05 17:55:13.885, 218 MiB
2026/10/05 17:55:14.394, 218 MiB
2026/10/05 17:55:14.900, 218 MiB
2026/10/05 17:55:15.410, 218 MiB
2026/10/05 17:55:15.926, 218 MiB
2026/10/05 17:55:16.434, 218 MiB
2026/10/05 17:55:16.944, 218 MiB
2026/10/05 17:55:17.450, 218 MiB
2026/10/05 17:55:17.956, 218 MiB
2026/10/05 17:55:18.464, 218 MiB
2026/10/05 17:55:18.972, 218 MiB
2026/10/05 17:55:19.480, 218 MiB
2026/10/05 17:55:19.989, 218 MiB
2026/10/05 17:55:20.496, 218 MiB
2026/10/05 17:55:21.003, 218 MiB
2026/10/05 17:55:21.509, 218 MiB
2026/10/05 17:55:22.016, 218 MiB
2026/10/05 17:55:22.526, 218 MiB
2026/10/05 17:55:23.030, 218 MiB
2026/10/05 17:55:23.540, 218 MiB
2026/10/05 17:55:24.047, 218 MiB
2026/10/05 17:55:24.553, 218 MiB
2026/10/05 17:55:25.060, 218 MiB
2026/10/05 17:55:25.566, 218 MiB
2026/10/05 17:55:26.074, 218 MiB
2026/10/05 17:55:26.578, 218 MiB
2026/10/05 17:55:27.084, 218 MiB
2026/10/05 17:55:27.590, 218 MiB
2026/10/05 17:55:28.096, 218 MiB
2026/10/05 17:55:28.602, 218 MiB
2026/10/05 17:55:29.106, 218 MiB
2026/10/05 17:55:29.611, 218 MiB
2026/10/05 17:55:30.120, 218 MiB
2026/10/05 17:55:30.627, 218 MiB
2026/10/05 17:55:31.136, 218 MiB
2026/10/05 17:55:31.646, 218 MiB
2026/10/05 17:55:32.148, 218 MiB
2026/10/05 17:55:32.657, 218 MiB
2026/10/05 17:55:33.169, 218 MiB
2026/10/05 17:55:33.680, 218 MiB
2026/10/05 17:55:34.188, 218 MiB
2026/10/05 17:55:34.697, 218 MiB
2026/10/05 17:55:35.205, 218 MiB
2026/10/05 17:55:35.713, 218 MiB
2026/10/05 17:55:36.220, 218 MiB
2026/10/05 17:55:36.729, 218 MiB
2026/10/05 17:55:37.237, 218 MiB
2026/10/05 17:55:37.743, 218 MiB
2026/10/05 17:55:38.249, 218 MiB
2026/10/05 17:55:38.758, 218 MiB
2026/10/05 17:55:39.268, 218 MiB
2026/10/05 17:55:39.776, 218 MiB
2026/10/05 17:55:40.286, 218 MiB
2026/10/05 17:55:40.793, 218 MiB
2026/10/05 17:55:41.302, 218 MiB
2026/10/05 17:55:41.810, 218 MiB
2026/10/05 17:55:42.319, 218 MiB
2026/10/05 17:55:42.826, 218 MiB
2026/10/05 17:55:43.336, 218 MiB
2026/10/05 17:55:43.840, 218 MiB
2026/10/05 17:55:44.350, 218 MiB
2026/10/05 17:55:44.856, 218 MiB
2026/10/05 17:55:45.362, 218 MiB
2026/10/05 17:55:45.868, 218 MiB
2026/10/05 17:55:46.376, 218 MiB
2026/10/05 17:55:46.882, 218 MiB
2026/10/05 17:55:47.391, 218 MiB
2026/10/05 17:55:47.899, 218 MiB
2026/10/05 17:55:48.411, 218 MiB
2026/10/05 17:55:48.918, 218 MiB
2026/10/05 17:55:49.429, 218 MiB
2026/10/05 17:55:49.938, 218 MiB
2026/10/05 17:55:50.444, 218 MiB
2026/10/05 17:55:50.953, 218 MiB
2026/10/05 17:55:51.464, 218 MiB
2026/10/05 17:55:51.971, 218 MiB
2026/10/05 17:55:52.479, 218 MiB
2026/10/05 17:55:52.985, 218 MiB
2026/10/05 17:55:53.493, 218 MiB
2026/10/05 17:55:53.999, 218 MiB
2026/10/05 17:55:54.508, 218 MiB
2026/10/05 17:55:55.020, 218 MiB
2026/10/05 17:55:55.530, 218 MiB
2026/10/05 17:55:56.035, 218 MiB
2026/10/05 17:55:56.543, 218 MiB
2026/10/05 17:55:57.052, 218 MiB
2026/10/05 17:55:57.560, 218 MiB
2026/10/05 17:55:58.068, 218 MiB
2026/10/05 17:55:58.575, 218 MiB
2026/10/05 17:55:59.082, 218 MiB
2026/10/05 17:55:59.593, 218 MiB
2026/10/05 17:56:00.103, 218 MiB
2026/10/05 17:56:00.607, 218 MiB
2026/10/05 17:56:01.117, 218 MiB
2026/10/05 17:56:01.625, 218 MiB
2026/10/05 17:56:02.131, 218 MiB
2026/10/05 17:56:02.639, 218 MiB
2026/10/05 17:56:03.144, 218 MiB
2026/10/05 17:56:03.653, 218 MiB
2026/10/05 17:56:04.162, 218 MiB
2026/10/05 17:56:04.673, 218 MiB
2026/10/05 17:56:05.182, 218 MiB
2026/10/05 17:56:05.694, 218 MiB
2026/10/05 17:56:06.204, 218 MiB
2026/10/05 17:56:06.714, 218 MiB
2026/10/05 17:56:07.219, 218 MiB
2026/10/05 17:56:07.729, 218 MiB
2026/10/05 17:56:08.238, 218 MiB
2026/10/05 17:56:08.745, 218 MiB
2026/10/05 17:56:09.250, 218 MiB
2026/10/05 17:56:09.758, 218 MiB
2026/10/05 17:56:10.265, 218 MiB
2026/10/05 17:56:10.771, 218 MiB
2026/10/05 17:56:11.278, 218 MiB
2026/10/05 17:56:11.788, 218 MiB
2026/10/05 17:56:12.296, 218 MiB
2026/10/05 17:56:12.803, 218 MiB
2026/10/05 17:56:13.314, 218 MiB
2026/10/05 17:56:13.824, 218 MiB
2026/10/05 17:56:14.334, 218 MiB
2026/10/05 17:56:14.843, 218 MiB
2026/10/05 17:56:15.352, 218 MiB
2026/10/05 17:56:15.858, 218 MiB
2026/10/05 17:56:16.362, 218 MiB
2026/10/05 17:56:16.869, 218 MiB
2026/10/05 17:56:17.376, 218 MiB
2026/10/05 17:56:17.882, 218 MiB
2026/10/05 17:56:18.390, 218 MiB
2026/10/05 17:56:18.896, 218 MiB
2026/10/05 17:56:19.399, 218 MiB
2026/10/05 17:56:19.904, 218 MiB
2026/10/05 17:56:20.411, 218 MiB
2026/10/05 17:56:20.922, 218 MiB
2026/10/05 17:56:21.430, 218 MiB
2026/10/05 17:56:21.936, 218 MiB
2026/10/05 17:56:22.445, 218 MiB
2026/10/05 17:56:22.954, 218 MiB
2026/10/05 17:56:23.459, 218 MiB
2026/10/05 17:56:23.966, 218 MiB
2026/10/05 17:56:24.475, 218 MiB
2026/10/05 17:56:24.983, 218 MiB
2026/10/05 17:56:25.488, 218 MiB
2026/10/05 17:56:25.995, 218 MiB
2026/10/05 17:56:26.502, 218 MiB
2026/10/05 17:56:27.005, 218 MiB
2026/10/05 17:56:27.511, 218 MiB
2026/10/05 17:56:28.021, 218 MiB
2026/10/05 17:56:28.530, 218 MiB
2026/10/05 17:56:29.040, 218 MiB
2026/10/05 17:56:29.548, 218 MiB
2026/10/05 17:56:30.056, 218 MiB
2026/10/05 17:56:30.563, 218 MiB
2026/10/05 17:56:31.069, 218 MiB
2026/10/05 17:56:31.580, 218 MiB
2026/10/05 17:56:32.090, 218 MiB
2026/10/05 17:56:32.599, 218 MiB
2026/10/05 17:56:33.109, 218 MiB
2026/10/05 17:56:33.616, 218 MiB
2026/10/05 17:56:34.127, 218 MiB
2026/10/05 17:56:34.636, 218 MiB
2026/10/05 17:56:35.144, 218 MiB
2026/10/05 17:56:35.650, 218 MiB
2026/10/05 17:56:36.157, 218 MiB
2026/10/05 17:56:36.659, 218 MiB
2026/10/05 17:56:37.171, 218 MiB
2026/10/05 17:56:37.679, 218 MiB
2026/10/05 17:56:38.188, 218 MiB
2026/10/05 17:56:38.694, 218 MiB
2026/10/05 17:56:39.201, 218 MiB
2026/10/05 17:56:39.710, 218 MiB
2026/10/05 17:56:40.221, 218 MiB
2026/10/05 17:56:40.736, 218 MiB
2026/10/05 17:56:41.246, 218 MiB
2026/10/05 17:56:41.752, 218 MiB
2026/10/05 17:56:42.259, 218 MiB
2026/10/05 17:56:42.769, 218 MiB
2026/10/05 17:56:43.278, 218 MiB
2026/10/05 17:56:43.787, 218 MiB
2026/10/05 17:56:44.290, 218 MiB
2026/10/05 17:56:44.797, 218 MiB
2026/10/05 17:56:45.304, 218 MiB
2026/10/05 17:56:45.815, 218 MiB
2026/10/05 17:56:46.323, 218 MiB
2026/10/05 17:56:46.828, 218 MiB
2026/10/05 17:56:47.331, 218 MiB
2026/10/05 17:56:47.841, 218 MiB
2026/10/05 17:56:48.345, 218 MiB
2026/10/05 17:56:48.853, 218 MiB
2026/10/05 17:56:49.364, 218 MiB
2026/10/05 17:56:49.872, 218 MiB
2026/10/05 17:56:50.378, 218 MiB
2026/10/05 17:56:50.885, 218 MiB
2026/10/05 17:56:51.396, 218 MiB
2026/10/05 17:56:51.898, 218 MiB
2026/10/05 17:56:52.403, 218 MiB
2026/10/05 17:56:52.911, 218 MiB
2026/10/05 17:56:53.421, 218 MiB
2026/10/05 17:56:53.931, 218 MiB
2026/10/05 17:56:54.436, 218 MiB
2026/10/05 17:56:54.948, 218 MiB
2026/10/05 17:56:55.457, 218 MiB
2026/10/05 17:56:55.966, 218 MiB
2026/10/05 17:56:56.473, 218 MiB
2026/10/05 17:56:56.983, 218 MiB
2026/10/05 17:56:57.493, 218 MiB
2026/10/05 17:56:57.999, 218 MiB
2026/10/05 17:56:58.507, 218 MiB
2026/10/05 17:56:59.013, 218 MiB
2026/10/05 17:56:59.523, 218 MiB
2026/10/05 17:57:00.029, 218 MiB
2026/10/05 17:57:00.541, 218 MiB
2026/10/05 17:57:01.048, 218 MiB
2026/10/05 17:57:01.557, 218 MiB
2026/10/05 17:57:02.062, 218 MiB
2026/10/05 17:57:02.572, 218 MiB
2026/10/05 17:57:03.075, 218 MiB
2026/10/05 17:57:03.587, 218 MiB
2026/10/05 17:57:04.097, 218 MiB
2026/10/05 17:57:04.604, 218 MiB
2026/10/05 17:57:05.111, 218 MiB
2026/10/05 17:57:05.621, 218 MiB
2026/10/05 17:57:06.132, 218 MiB
2026/10/05 17:57:06.638, 218 MiB
2026/10/05 17:57:07.146, 218 MiB
2026/10/05 17:57:07.657, 218 MiB
2026/10/05 17:57:08.166, 218 MiB
2026/10/05 17:57:08.674, 218 MiB
2026/10/05 17:57:09.177, 218 MiB
2026/10/05 17:57:09.688, 218 MiB
2026/10/05 17:57:10.197, 218 MiB
2026/10/05 17:57:10.704, 218 MiB
2026/10/05 17:57:11.214, 218 MiB
2026/10/05 17:57:11.721, 218 MiB
2026/10/05 17:57:12.235, 218 MiB
2026/10/05 17:57:12.743, 218 MiB
2026/10/05 17:57:13.255, 218 MiB
2026/10/05 17:57:13.766, 218 MiB
2026/10/05 17:57:14.277, 218 MiB
2026/10/05 17:57:14.787, 218 MiB
2026/10/05 17:57:15.295, 218 MiB
2026/10/05 17:57:15.805, 218 MiB
2026/10/05 17:57:16.310, 218 MiB
2026/10/05 17:57:16.820, 218 MiB
2026/10/05 17:57:17.328, 218 MiB
2026/10/05 17:57:17.832, 218 MiB
2026/10/05 17:57:18.336, 218 MiB
2026/10/05 17:57:18.845, 218 MiB
2026/10/05 17:57:19.352, 218 MiB
2026/10/05 17:57:19.863, 218 MiB
2026/10/05 17:57:20.372, 218 MiB
2026/10/05 17:57:20.882, 218 MiB
2026/10/05 17:57:21.393, 218 MiB
2026/10/05 17:57:21.900, 218 MiB
2026/10/05 17:57:22.408, 218 MiB
2026/10/05 17:57:22.916, 218 MiB
2026/10/05 17:57:23.423, 218 MiB
2026/10/05 17:57:23.935, 218 MiB
2026/10/05 17:57:24.441, 218 MiB
2026/10/05 17:57:24.948, 218 MiB
2026/10/05 17:57:25.454, 218 MiB
2026/10/05 17:57:25.967, 218 MiB
2026/10/05 17:57:26.473, 218 MiB
2026/10/05 17:57:26.980, 218 MiB
2026/10/05 17:57:27.486, 218 MiB
2026/10/05 17:57:27.992, 218 MiB
2026/10/05 17:57:28.502, 218 MiB
2026/10/05 17:57:29.014, 218 MiB
2026/10/05 17:57:29.521, 218 MiB
2026/10/05 17:57:30.029, 218 MiB
2026/10/05 17:57:30.530, 218 MiB
2026/10/05 17:57:31.037, 218 MiB
2026/10/05 17:57:31.546, 218 MiB
2026/10/05 17:57:32.052, 218 MiB
2026/10/05 17:57:32.560, 218 MiB
2026/10/05 17:57:33.064, 218 MiB
2026/10/05 17:57:33.572, 218 MiB
2026/10/05 17:57:34.079, 218 MiB
2026/10/05 17:57:34.585, 218 MiB
2026/10/05 17:57:35.094, 218 MiB
2026/10/05 17:57:35.600, 218 MiB
2026/10/05 17:57:36.108, 218 MiB
2026/10/05 17:57:36.614, 218 MiB
2026/10/05 17:57:37.120, 218 MiB
2026/10/05 17:57:37.626, 218 MiB
2026/10/05 17:57:38.131, 218 MiB
2026/10/05 17:57:38.636, 218 MiB
2026/10/05 17:57:39.146, 218 MiB
2026/10/05 17:57:39.653, 218 MiB
2026/10/05 17:57:40.160, 218 MiB
2026/10/05 17:57:40.665, 218 MiB
2026/10/05 17:57:41.173, 218 MiB
2026/10/05 17:57:41.682, 218 MiB
2026/10/05 17:57:42.187, 218 MiB
2026/10/05 17:57:42.697, 218 MiB
2026/10/05 17:57:43.205, 218 MiB
2026/10/05 17:57:43.712, 218 MiB
2026/10/05 17:57:44.222, 218 MiB
2026/10/05 17:57:44.729, 218 MiB
2026/10/05 17:57:45.237, 218 MiB
2026/10/05 17:57:45.743, 218 MiB
2026/10/05 17:57:46.248, 218 MiB
2026/10/05 17:57:46.749, 218 MiB
2026/10/05 17:57:47.254, 218 MiB
2026/10/05 17:57:47.760, 218 MiB
2026/10/05 17:57:48.273, 218 MiB
2026/10/05 17:57:48.782, 218 MiB
2026/10/05 17:57:49.289, 218 MiB
2026/10/05 17:57:49.800, 218 MiB
2026/10/05 17:57:50.309, 830 MiB
2026/10/05 17:57:50.817, 1750 MiB
2026/10/05 17:57:51.326, 2916 MiB
2026/10/05 17:57:51.834, 2916 MiB
2026/10/05 17:57:52.339, 2938 MiB
2026/10/05 17:57:52.850, 2950 MiB
2026/10/05 17:57:53.362, 2950 MiB
2026/10/05 17:57:53.869, 2950 MiB
2026/10/05 17:57:54.376, 2950 MiB
2026/10/05 17:57:54.888, 2950 MiB
2026/10/05 17:57:55.401, 2950 MiB
2026/10/05 17:57:55.914, 2950 MiB
2026/10/05 17:57:56.426, 2950 MiB
2026/10/05 17:57:56.935, 2950 MiB
2026/10/05 17:57:57.447, 2950 MiB
2026/10/05 17:57:57.961, 2950 MiB
2026/10/05 17:57:58.471, 2950 MiB
2026/10/05 17:57:58.982, 2950 MiB
2026/10/05 17:57:59.492, 2950 MiB
2026/10/05 17:58:00.002, 2950 MiB
2026/10/05 17:58:00.512, 2950 MiB
2026/10/05 17:58:01.024, 2950 MiB
2026/10/05 17:58:01.534, 2950 MiB
2026/10/05 17:58:02.042, 2950 MiB
2026/10/05 17:58:02.551, 2950 MiB
2026/10/05 17:58:03.059, 2950 MiB
2026/10/05 17:58:03.569, 2950 MiB
2026/10/05 17:58:04.079, 2950 MiB
2026/10/05 17:58:04.590, 2950 MiB
2026/10/05 17:58:05.100, 2950 MiB
2026/10/05 17:58:05.613, 2950 MiB
2026/10/05 17:58:06.124, 2950 MiB
2026/10/05 17:58:06.633, 2950 MiB
2026/10/05 17:58:07.147, 2950 MiB
2026/10/05 17:58:07.658, 2950 MiB
2026/10/05 17:58:08.170, 2950 MiB
2026/10/05 17:58:08.682, 2950 MiB
2026/10/05 17:58:09.190, 2950 MiB
2026/10/05 17:58:09.701, 2950 MiB
2026/10/05 17:58:10.212, 2950 MiB
2026/10/05 17:58:10.722, 2950 MiB
2026/10/05 17:58:11.229, 2950 MiB
2026/10/05 17:58:11.744, 2950 MiB
2026/10/05 17:58:12.257, 2950 MiB
2026/10/05 17:58:12.772, 2950 MiB
2026/10/05 17:58:13.280, 2950 MiB
2026/10/05 17:58:13.790, 2950 MiB
2026/10/05 17:58:14.291, 2950 MiB
2026/10/05 17:58:14.801, 2950 MiB
2026/10/05 17:58:15.315, 2950 MiB
2026/10/05 17:58:15.826, 2950 MiB
2026/10/05 17:58:16.336, 2950 MiB
2026/10/05 17:58:16.846, 2950 MiB
2026/10/05 17:58:17.356, 2950 MiB
2026/10/05 17:58:17.867, 2950 MiB
2026/10/05 17:58:18.377, 2950 MiB
2026/10/05 17:58:18.887, 2950 MiB
2026/10/05 17:58:19.398, 2950 MiB
2026/10/05 17:58:19.910, 2950 MiB
2026/10/05 17:58:20.423, 2950 MiB
2026/10/05 17:58:20.935, 2950 MiB
2026/10/05 17:58:21.446, 2950 MiB
2026/10/05 17:58:21.948, 2950 MiB
2026/10/05 17:58:22.448, 2950 MiB
2026/10/05 17:58:22.960, 2950 MiB
2026/10/05 17:58:23.468, 2950 MiB
2026/10/05 17:58:23.977, 2950 MiB
2026/10/05 17:58:24.486, 2950 MiB
2026/10/05 17:58:24.994, 2950 MiB
2026/10/05 17:58:25.508, 2950 MiB
2026/10/05 17:58:26.016, 2950 MiB
2026/10/05 17:58:26.524, 2950 MiB
2026/10/05 17:58:27.032, 2950 MiB
2026/10/05 17:58:27.540, 2950 MiB
2026/10/05 17:58:28.055, 2950 MiB
2026/10/05 17:58:28.567, 2950 MiB
2026/10/05 17:58:29.077, 2950 MiB
2026/10/05 17:58:29.582, 2950 MiB
2026/10/05 17:58:30.090, 2950 MiB
2026/10/05 17:58:30.600, 2950 MiB
2026/10/05 17:58:31.111, 2950 MiB
2026/10/05 17:58:31.623, 2950 MiB
2026/10/05 17:58:32.135, 2950 MiB
2026/10/05 17:58:32.645, 2950 MiB
2026/10/05 17:58:33.158, 2950 MiB
2026/10/05 17:58:33.671, 2950 MiB
2026/10/05 17:58:34.185, 2950 MiB
2026/10/05 17:58:34.699, 2950 MiB
2026/10/05 17:58:35.213, 2950 MiB
2026/10/05 17:58:35.723, 2950 MiB
2026/10/05 17:58:36.236, 2950 MiB
2026/10/05 17:58:36.744, 2950 MiB
2026/10/05 17:58:37.254, 2950 MiB
2026/10/05 17:58:37.762, 2950 MiB
2026/10/05 17:58:38.274, 2950 MiB
2026/10/05 17:58:38.788, 2950 MiB
2026/10/05 17:58:39.300, 2950 MiB
2026/10/05 17:58:39.815, 2950 MiB
2026/10/05 17:58:40.325, 2950 MiB
2026/10/05 17:58:40.836, 2950 MiB
2026/10/05 17:58:41.346, 2950 MiB
2026/10/05 17:58:41.856, 2950 MiB
2026/10/05 17:58:42.364, 2950 MiB
2026/10/05 17:58:42.877, 2950 MiB
2026/10/05 17:58:43.387, 2950 MiB
2026/10/05 17:58:43.898, 2950 MiB
2026/10/05 17:58:44.408, 2950 MiB
2026/10/05 17:58:44.920, 2950 MiB
2026/10/05 17:58:45.430, 2950 MiB
2026/10/05 17:58:45.939, 2950 MiB
2026/10/05 17:58:46.449, 2950 MiB
2026/10/05 17:58:46.959, 2950 MiB
2026/10/05 17:58:47.469, 2950 MiB
2026/10/05 17:58:47.978, 2950 MiB
2026/10/05 17:58:48.489, 2950 MiB
2026/10/05 17:58:49.001, 2950 MiB
2026/10/05 17:58:49.511, 2950 MiB
2026/10/05 17:58:50.023, 2950 MiB
2026/10/05 17:58:50.531, 2950 MiB
2026/10/05 17:58:51.043, 2950 MiB
2026/10/05 17:58:51.557, 2950 MiB
2026/10/05 17:58:52.070, 2950 MiB
2026/10/05 17:58:52.571, 2950 MiB
2026/10/05 17:58:53.082, 2950 MiB
2026/10/05 17:58:53.593, 2950 MiB
2026/10/05 17:58:54.105, 2950 MiB
2026/10/05 17:58:54.617, 2950 MiB
2026/10/05 17:58:55.129, 2950 MiB
2026/10/05 17:58:55.641, 2950 MiB
2026/10/05 17:58:56.156, 2950 MiB
2026/10/05 17:58:56.666, 2950 MiB
2026/10/05 17:58:57.176, 2950 MiB
2026/10/05 17:58:57.687, 2950 MiB
2026/10/05 17:58:58.197, 2950 MiB
2026/10/05 17:58:58.707, 2950 MiB
2026/10/05 17:58:59.220, 2950 MiB
2026/10/05 17:58:59.730, 2950 MiB
2026/10/05 17:59:00.237, 2950 MiB
2026/10/05 17:59:00.746, 2950 MiB
2026/10/05 17:59:01.247, 2950 MiB
2026/10/05 17:59:01.760, 2950 MiB
2026/10/05 17:59:02.267, 2950 MiB
2026/10/05 17:59:02.781, 2950 MiB
2026/10/05 17:59:03.291, 2950 MiB
2026/10/05 17:59:03.801, 2950 MiB
2026/10/05 17:59:04.309, 133 MiB
