drift_id,roll,pitch,yaw,tx,ty,tz,mean_iou,median_du_px,median_dv_px,share_iou_below_0.5,pairs_still_in_image,injected_rotation_deg,flag_iou,flag_offset,yaw_hat_deg_raw,pitch_hat_deg_raw,yaw_hat_deg_debiased,pitch_hat_deg_debiased,residual_rotation_deg_raw,residual_roll_deg_raw,residual_pitch_deg_raw,residual_yaw_deg_raw,residual_rotation_deg_debiased,residual_roll_deg_debiased,residual_pitch_deg_debiased,residual_yaw_deg_debiased,residual_rotation_deg_iterated,residual_roll_deg_iterated,residual_pitch_deg_iterated,residual_yaw_deg_iterated
0,0.3753,1.1916,0.8271,-0.0275,-0.0200,0.0374,0.5106,-12.0336,12.6061,0.5763,118,1.4961,True,True,0.9555,1.0009,0.9709,0.9361,0.4422,0.3720,0.1970,-0.1350,0.4784,0.3708,0.2619,-0.1499,0.4417,0.3722,0.2274,-0.0683
1,-1.4842,0.9637,0.8912,-0.0032,-0.0197,-0.0222,0.4895,-12.0330,16.9088,0.7119,118,1.9869,True,True,0.9554,1.3424,0.9708,1.2776,1.5319,-1.4775,-0.4030,-0.0292,1.5176,-1.4785,-0.3386,-0.0462,1.5136,-1.4776,-0.3274,-0.0173
2,-0.7354,-0.1648,0.0136,0.0053,0.0496,0.0293,0.6874,-3.0762,-2.1862,0.1441,118,0.7537,False,True,0.2443,-0.1736,0.2597,-0.2384,0.7714,-0.7354,0.0057,-0.2328,0.7798,-0.7357,0.0703,-0.2491,0.7667,-0.7354,0.0080,-0.2167
3,0.3665,1.4669,-0.8541,-0.0340,0.0113,-0.0456,0.4415,9.2119,19.2521,0.6949,118,1.7388,True,True,-0.7315,1.5284,-0.7161,1.4636,0.3944,0.3656,-0.0662,-0.1324,0.3950,0.3664,-0.0013,-0.1474,0.4005,0.3656,-0.0487,-0.1562
4,-1.3930,0.0447,-0.1014,0.0417,0.0129,0.0014,0.6736,0.2638,3.2941,0.1780,118,1.3973,False,False,-0.0209,0.2616,-0.0055,0.1967,1.4118,-1.3930,-0.2163,-0.0741,1.4043,-1.3930,-0.1519,-0.0911,1.4119,-1.3930,-0.2134,-0.0831
5,-0.0094,-0.7575,-1.4646,-0.0308,0.0192,-0.0299,0.4953,17.0886,-9.3310,0.5593,118,1.6490,True,True,-1.3567,-0.7409,-1.3413,-0.8058,0.1097,-0.0098,-0.0163,-0.1080,0.1329,-0.0082,0.0485,-0.1234,0.1778,-0.0097,-0.0549,-0.1689
6,-0.3914,-1.4888,0.9901,-0.0346,-0.0232,0.0380,0.4162,-14.0677,-20.4267,0.7458,118,1.8276,True,True,1.1169,-1.6216,1.1323,-1.6864,0.4354,-0.3938,0.1251,-0.1379,0.4643,-0.3951,0.1898,-0.1537,0.4092,-0.3936,0.1008,-0.0486
7,0.0294,1.0415,0.4192,0.0242,-0.0409,0.0041,0.5609,-5.2103,12.5392,0.4746,118,1.1229,True,True,0.4137,0.9956,0.4291,0.9308,0.0547,0.0290,0.0460,0.0049,0.1150,0.0285,0.1109,-0.0105,0.0843,0.0291,0.0759,0.0224
8,0.0233,1.1140,-0.4162,0.0098,-0.0441,-0.0112,0.5192,5.9068,13.9225,0.4661,118,1.1895,True,True,-0.4690,1.1054,-0.4536,1.0406,0.0580,0.0234,0.0084,0.0524,0.0855,0.0239,0.0732,0.0370,0.0372,0.0234,0.0170,0.0235
9,-0.5309,-1.0494,0.9490,-0.0121,0.0479,0.0090,0.4669,-15.9491,-12.8046,0.7373,118,1.5081,True,True,1.2663,-1.0167,1.2817,-1.0815,0.6242,-0.5299,-0.0445,-0.3266,0.6325,-0.5314,0.0202,-0.3426,0.5771,-0.5300,-0.0324,-0.2259
10,0.3152,0.4140,0.5294,-0.0349,-0.0060,-0.0260,0.6345,-8.4847,5.4014,0.3220,118,0.7414,True,True,0.6737,0.4289,0.6891,0.3641,0.3479,0.3153,-0.0112,-0.1467,0.3578,0.3145,0.0537,-0.1618,0.3337,0.3153,0.0057,-0.1092
11,-0.2925,-1.2099,1.4035,-0.0285,0.0172,-0.0200,0.4180,-21.1705,-14.1533,0.7458,118,1.8736,True,True,1.6806,-1.1237,1.6960,-1.1886,0.4160,-0.2898,-0.0947,-0.2829,0.4185,-0.2917,-0.0300,-0.2986,0.3391,-0.2900,-0.0794,-0.1567
12,1.1222,0.4866,-1.1052,0.0345,0.0445,0.0404,0.6238,10.5227,0.6337,0.2627,118,1.6517,True,True,-0.8355,0.0503,-0.8201,-0.0145,1.2350,1.1285,0.4199,-0.2707,1.2627,1.1293,0.4851,-0.2849,1.2456,1.1282,0.4248,-0.3093
13,0.2092,-1.0636,-0.9226,0.0428,0.0052,-0.0319,0.5028,10.7948,-13.5997,0.5169,118,1.4222,True,True,-0.8571,-1.0798,-0.8417,-1.1446,0.2186,0.2093,0.0130,-0.0615,0.2371,0.2103,0.0779,-0.0767,0.2307,0.2094,-0.0161,-0.0956
14,1.1522,0.4247,0.2091,-0.0124,-0.0089,-0.0261,0.6801,-4.2825,3.2457,0.1610,118,1.2449,False,True,0.3401,0.2577,0.3555,0.1929,1.1723,1.1511,0.1739,-0.1361,1.1851,1.1507,0.2390,-0.1502,1.1708,1.1512,0.1801,-0.1125
15,-1.3858,1.1287,-0.0968,0.0048,-0.0178,0.0251,0.5250,1.0910,16.2746,0.4068,118,1.7891,True,True,-0.0866,1.2921,-0.0712,1.2273,1.3953,-1.3858,-0.1610,0.0211,1.3890,-1.3857,-0.0966,0.0041,1.3927,-1.3857,-0.1380,-0.0203
16,-1.4244,-0.3834,-1.4089,-0.0377,0.0467,0.0158,0.5512,15.7870,-2.8763,0.2712,118,2.0431,True,True,-1.2534,-0.2284,-1.2380,-0.2932,1.4421,-1.4274,-0.1239,-0.1616,1.4385,-1.4260,-0.0595,-0.1786,1.4554,-1.4273,-0.1826,-0.2165
17,-0.2153,0.0712,1.1184,-0.0156,0.0090,0.0184,0.5775,-16.7163,0.3720,0.3390,118,1.1413,True,True,1.3272,0.0295,1.3426,-0.0353,0.3027,-0.2162,0.0367,-0.2086,0.3285,-0.2178,0.1015,-0.2243,0.2624,-0.2161,0.0743,-0.1291
18,-0.4338,0.0573,0.7957,0.0409,-0.0349,0.0433,0.6566,-10.2659,-0.8167,0.1864,118,0.9083,True,True,0.8151,-0.0649,0.8305,-0.1297,0.4510,-0.4355,0.1160,-0.0199,0.4737,-0.4364,0.1807,-0.0358,0.4566,-0.4354,0.1361,0.0207
19,-1.4845,0.7589,0.9316,-0.0363,-0.0081,0.0315,0.5322,-13.2762,11.9222,0.4661,118,1.9146,True,True,1.0541,0.9466,1.0695,0.8818,1.4995,-1.4806,-0.2147,-0.0977,1.4940,-1.4818,-0.1503,-0.1147,1.4891,-1.4807,-0.1422,-0.0664
