drive_set,axis,magnitude_deg,mean_iou,median_du_px,median_dv_px,share_iou_below_0.5,pairs_still_in_image,injected_rotation_deg,flag_iou,flag_offset,yaw_hat_deg_raw,pitch_hat_deg_raw,yaw_hat_deg_debiased,pitch_hat_deg_debiased,residual_rotation_deg_raw,residual_roll_deg_raw,residual_pitch_deg_raw,residual_yaw_deg_raw,residual_rotation_deg_debiased,residual_roll_deg_debiased,residual_pitch_deg_debiased,residual_yaw_deg_debiased,residual_rotation_deg_iterated,residual_roll_deg_iterated,residual_pitch_deg_iterated,residual_yaw_deg_iterated
dev,roll,0.0000,0.6991,0.1939,0.8167,0.1888,286,0.0000,False,False,-0.0154,0.0648,-0.0000,0.0000,0.0667,-0.0000,-0.0648,0.0154,0.0000,-0.0000,0.0000,-0.0000,0.0646,-0.0000,-0.0636,0.0115
dev,roll,0.2500,0.7011,0.0779,0.6089,0.1783,286,0.2500,False,False,-0.0062,0.0483,0.0092,-0.0165,0.2547,0.2500,-0.0484,0.0060,0.2507,0.2500,0.0165,-0.0091,0.2545,0.2500,-0.0475,0.0051
dev,roll,0.5000,0.6989,-0.1381,0.4098,0.1678,286,0.5000,False,False,0.0110,0.0325,0.0264,-0.0323,0.5012,0.5000,-0.0324,-0.0113,0.5017,0.5000,0.0325,-0.0261,0.5011,0.5000,-0.0321,-0.0100
dev,roll,1.0000,0.6815,-0.4641,0.4169,0.1678,286,1.0000,False,False,0.0369,0.0331,0.0523,-0.0317,1.0012,1.0000,-0.0325,-0.0374,1.0019,1.0000,0.0327,-0.0517,1.0011,1.0000,-0.0324,-0.0347
dev,roll,2.0000,0.6297,-1.0791,0.0406,0.2483,286,2.0000,True,False,0.0857,0.0032,0.1011,-0.0616,2.0018,2.0000,-0.0002,-0.0857,2.0034,1.9999,0.0651,-0.0989,2.0014,2.0000,-0.0025,-0.0737
dev,pitch,0.0000,0.6991,0.1939,0.8167,0.1888,286,0.0000,False,False,-0.0154,0.0648,-0.0000,0.0000,0.0667,-0.0000,-0.0648,0.0154,0.0000,-0.0000,0.0000,-0.0000,0.0646,-0.0000,-0.0636,0.0115
dev,pitch,0.2500,0.6754,0.3160,4.0292,0.2098,286,0.2500,False,True,-0.0251,0.3199,-0.0097,0.2551,0.0743,-0.0000,-0.0699,0.0251,0.0110,-0.0000,-0.0051,0.0097,0.0646,-0.0000,-0.0636,0.0114
dev,pitch,0.5000,0.6302,0.4370,7.2514,0.2308,286,0.5000,True,True,-0.0347,0.5758,-0.0193,0.5110,0.0834,-0.0000,-0.0758,0.0347,0.0222,-0.0000,-0.0110,0.0193,0.0646,-0.0000,-0.0636,0.0114
dev,pitch,1.0000,0.5309,0.5565,13.7041,0.5000,286,1.0000,True,True,-0.0442,1.0881,-0.0288,1.0233,0.0985,-0.0001,-0.0881,0.0442,0.0370,-0.0000,-0.0233,0.0288,0.0646,-0.0000,-0.0636,0.0114
dev,pitch,2.0000,0.3658,0.9006,26.6019,0.7797,286,2.0000,True,True,-0.0715,2.1114,-0.0561,2.0467,0.1324,-0.0001,-0.1114,0.0715,0.0730,-0.0000,-0.0467,0.0561,0.0646,-0.0001,-0.0636,0.0114
dev,yaw,0.0000,0.6991,0.1939,0.8167,0.1888,286,0.0000,False,False,-0.0154,0.0648,-0.0000,0.0000,0.0667,-0.0000,-0.0648,0.0154,0.0000,-0.0000,0.0000,-0.0000,0.0646,-0.0000,-0.0636,0.0115
dev,yaw,0.2500,0.6857,-3.3119,0.8609,0.1783,286,0.2500,False,True,0.2630,0.0684,0.2784,0.0035,0.0696,0.0003,-0.0684,-0.0130,0.0286,0.0000,-0.0035,-0.0284,0.0645,0.0003,-0.0635,0.0115
dev,yaw,0.5000,0.6546,-6.7462,0.8124,0.1888,286,0.5000,False,True,0.5357,0.0645,0.5511,-0.0003,0.0737,0.0006,-0.0645,-0.0357,0.0511,-0.0000,0.0003,-0.0511,0.0645,0.0006,-0.0634,0.0115
dev,yaw,1.0000,0.5780,-13.5663,0.9734,0.3566,286,1.0000,True,True,1.0771,0.0773,1.0925,0.0124,0.1092,0.0015,-0.0773,-0.0771,0.0934,0.0002,-0.0124,-0.0925,0.0644,0.0014,-0.0633,0.0115
dev,yaw,2.0000,0.4177,-27.4340,1.1633,0.6259,286,2.0000,True,True,2.1774,0.0924,2.1928,0.0275,0.2000,0.0035,-0.0923,-0.1774,0.1948,0.0011,-0.0275,-0.1928,0.0641,0.0033,-0.0629,0.0116
dev,realistic,,0.4641,-16.5983,-9.4471,0.6329,286,1.4748,True,True,1.3178,-0.7501,1.3332,-0.8150,0.3247,0.3010,-0.0430,-0.1139,0.3269,0.2995,0.0219,-0.1289,0.3036,0.3010,-0.0396,-0.0047
holdout,roll,0.0000,0.7202,-1.3411,-0.6629,0.1271,118,0.0000,False,False,0.1065,-0.0526,0.1219,-0.1175,0.1188,-0.0001,0.0526,-0.1065,0.1693,-0.0002,0.1175,-0.1219,0.1139,-0.0001,0.0536,-0.1005
holdout,roll,0.2500,0.7217,-1.4075,-1.1280,0.1271,118,0.2500,False,False,0.1118,-0.0896,0.1272,-0.1544,0.2880,0.2498,0.0901,-0.1114,0.3200,0.2497,0.1550,-0.1265,0.2857,0.2498,0.0900,-0.1053
holdout,roll,0.5000,0.7193,-1.5001,-1.5963,0.1271,118,0.5000,False,False,0.1191,-0.1268,0.1345,-0.1916,0.5293,0.4997,0.1278,-0.1180,0.5519,0.4996,0.1928,-0.1328,0.5280,0.4997,0.1265,-0.1134
holdout,roll,1.0000,0.7032,-1.6866,-3.0411,0.1525,118,1.0000,False,True,0.1339,-0.2415,0.1493,-0.3063,1.0372,0.9994,0.2438,-0.1297,1.0561,0.9992,0.3089,-0.1440,1.0357,0.9995,0.2391,-0.1267
holdout,roll,2.0000,0.6618,-2.0029,-6.0569,0.2881,118,2.0000,True,True,0.1590,-0.4810,0.1744,-0.5458,2.0625,1.9987,0.4862,-0.1422,2.0797,1.9984,0.5515,-0.1553,2.0603,1.9987,0.4745,-0.1502
holdout,pitch,0.0000,0.7202,-1.3411,-0.6629,0.1271,118,0.0000,False,False,0.1065,-0.0526,0.1219,-0.1175,0.1188,-0.0001,0.0526,-0.1065,0.1693,-0.0002,0.1175,-0.1219,0.1139,-0.0001,0.0536,-0.1005
holdout,pitch,0.2500,0.7076,-1.3196,2.5445,0.1441,118,0.2500,False,False,0.1048,0.2021,0.1202,0.1372,0.1152,-0.0001,0.0479,-0.1048,0.1648,-0.0002,0.1128,-0.1202,0.1139,-0.0001,0.0536,-0.1005
holdout,pitch,0.5000,0.6620,-1.3008,5.7650,0.2034,118,0.5000,True,True,0.1033,0.4578,0.1187,0.3929,0.1116,-0.0001,0.0422,-0.1033,0.1599,-0.0002,0.1071,-0.1187,0.1139,-0.0001,0.0536,-0.1005
holdout,pitch,1.0000,0.5688,-1.2715,12.2402,0.3559,118,1.0000,True,True,0.1010,0.9719,0.1164,0.9070,0.1048,-0.0000,0.0281,-0.1010,0.1489,-0.0002,0.0930,-0.1164,0.1139,-0.0000,0.0536,-0.1005
holdout,pitch,2.0000,0.4123,-1.2809,25.0168,0.7458,118,2.0000,True,True,0.1017,1.9857,0.1171,1.9210,0.1027,-0.0000,0.0143,-0.1017,0.1413,-0.0002,0.0790,-0.1171,0.1139,-0.0000,0.0536,-0.1005
holdout,yaw,0.0000,0.7202,-1.3411,-0.6629,0.1271,118,0.0000,False,False,0.1065,-0.0526,0.1219,-0.1175,0.1188,-0.0001,0.0526,-0.1065,0.1693,-0.0002,0.1175,-0.1219,0.1139,-0.0001,0.0536,-0.1005
holdout,yaw,0.2500,0.7177,-4.6684,-0.6017,0.1271,118,0.2500,False,True,0.3707,-0.0478,0.3861,-0.1126,0.1298,-0.0003,0.0478,-0.1207,0.1767,-0.0008,0.1126,-0.1361,0.1139,-0.0003,0.0535,-0.1005
holdout,yaw,0.5000,0.6871,-8.0016,-0.5232,0.1525,118,0.5000,False,True,0.6354,-0.0415,0.6508,-0.1064,0.1416,-0.0005,0.0415,-0.1354,0.1845,-0.0012,0.1064,-0.1508,0.1139,-0.0004,0.0535,-0.1005
holdout,yaw,1.0000,0.6033,-14.6864,-0.3084,0.3220,118,1.0000,True,True,1.1661,-0.0245,1.1814,-0.0893,0.1679,-0.0005,0.0245,-0.1661,0.2023,-0.0018,0.0893,-0.1815,0.1139,-0.0004,0.0535,-0.1005
holdout,yaw,2.0000,0.4498,-28.3044,-0.0682,0.7203,118,2.0000,True,True,2.2464,-0.0054,2.2618,-0.0703,0.2465,-0.0002,0.0054,-0.2464,0.2711,-0.0028,0.0702,-0.2618,0.1139,-0.0001,0.0536,-0.1005
holdout,realistic,,0.4799,-17.1313,-11.2824,0.7373,118,1.4748,True,True,1.3601,-0.8958,1.3755,-0.9607,0.3513,0.2976,0.1029,-0.1554,0.3808,0.2960,0.1678,-0.1705,0.3248,0.2978,0.1027,-0.0791
