label,distance_group,axis,drift_deg,object_views,tracklets_in_drives,median_distance_m,median_box_width_px,few_samples,association_retention_pct,objects_lost_pct,range_miss_pct
Car,all,pitch,0.00,88,16,17.96,116.88,False,100.00,0.00,9.09
Car,all,pitch,0.50,88,16,17.96,116.88,False,97.74,0.00,10.23
Car,all,pitch,1.00,88,16,17.96,116.88,False,88.52,7.95,11.36
Car,all,pitch,2.00,88,16,17.96,116.88,False,68.05,20.45,46.59
Car,all,yaw,0.00,88,16,17.96,116.88,False,100.00,0.00,9.09
Car,all,yaw,0.50,88,16,17.96,116.88,False,98.46,0.00,4.55
Car,all,yaw,1.00,88,16,17.96,116.88,False,93.75,0.00,0.00
Car,all,yaw,2.00,88,16,17.96,116.88,False,80.18,11.36,19.32
Car,far >= 20 m,pitch,0.00,34,16,26.07,67.73,False,100.00,0.00,23.53
Car,far >= 20 m,pitch,0.50,34,16,26.07,67.73,False,94.15,0.00,26.47
Car,far >= 20 m,pitch,1.00,34,16,26.07,67.73,False,71.75,20.59,29.41
Car,far >= 20 m,pitch,2.00,34,16,26.07,67.73,False,38.37,52.94,94.12
Car,far >= 20 m,yaw,0.00,34,16,26.07,67.73,False,100.00,0.00,23.53
Car,far >= 20 m,yaw,0.50,34,16,26.07,67.73,False,96.62,0.00,11.76
Car,far >= 20 m,yaw,1.00,34,16,26.07,67.73,False,88.08,0.00,0.00
Car,far >= 20 m,yaw,2.00,34,16,26.07,67.73,False,64.93,29.41,50.00
Car,near < 20 m,pitch,0.00,54,16,14.68,141.80,False,100.00,0.00,0.00
Car,near < 20 m,pitch,0.50,54,16,14.68,141.80,False,100.00,0.00,0.00
Car,near < 20 m,pitch,1.00,54,16,14.68,141.80,False,99.08,0.00,0.00
Car,near < 20 m,pitch,2.00,54,16,14.68,141.80,False,86.74,0.00,16.67
Car,near < 20 m,yaw,0.00,54,16,14.68,141.80,False,100.00,0.00,0.00
Car,near < 20 m,yaw,0.50,54,16,14.68,141.80,False,99.62,0.00,0.00
Car,near < 20 m,yaw,1.00,54,16,14.68,141.80,False,97.32,0.00,0.00
Car,near < 20 m,yaw,2.00,54,16,14.68,141.80,False,89.79,0.00,0.00
Van,all,pitch,0.00,84,4,28.89,100.35,False,100.00,0.00,0.00
Van,all,pitch,0.50,84,4,28.89,100.35,False,98.77,0.00,0.00
Van,all,pitch,1.00,84,4,28.89,100.35,False,87.79,0.00,1.19
Van,all,pitch,2.00,84,4,28.89,100.35,False,58.21,42.86,28.57
Van,all,yaw,0.00,84,4,28.89,100.35,False,100.00,0.00,0.00
Van,all,yaw,0.50,84,4,28.89,100.35,False,94.68,0.00,0.00
Van,all,yaw,1.00,84,4,28.89,100.35,False,86.30,0.00,1.19
Van,all,yaw,2.00,84,4,28.89,100.35,False,67.35,32.14,27.38
Van,far >= 20 m,pitch,0.00,55,4,36.04,86.14,False,100.00,0.00,0.00
Van,far >= 20 m,pitch,0.50,55,4,36.04,86.14,False,98.11,0.00,0.00
Van,far >= 20 m,pitch,1.00,55,4,36.04,86.14,False,81.98,0.00,1.82
Van,far >= 20 m,pitch,2.00,55,4,36.04,86.14,False,42.99,65.45,40.00
Van,far >= 20 m,yaw,0.00,55,4,36.04,86.14,False,100.00,0.00,0.00
Van,far >= 20 m,yaw,0.50,55,4,36.04,86.14,False,92.79,0.00,0.00
Van,far >= 20 m,yaw,1.00,55,4,36.04,86.14,False,82.56,0.00,1.82
Van,far >= 20 m,yaw,2.00,55,4,36.04,86.14,False,59.43,49.09,41.82
Van,near < 20 m,pitch,0.00,29,4,17.89,132.01,True,100.00,0.00,0.00
Van,near < 20 m,pitch,0.50,29,4,17.89,132.01,True,100.00,0.00,0.00
Van,near < 20 m,pitch,1.00,29,4,17.89,132.01,True,98.82,0.00,0.00
Van,near < 20 m,pitch,2.00,29,4,17.89,132.01,True,87.07,0.00,6.90
Van,near < 20 m,yaw,0.00,29,4,17.89,132.01,True,100.00,0.00,0.00
Van,near < 20 m,yaw,0.50,29,4,17.89,132.01,True,98.25,0.00,0.00
Van,near < 20 m,yaw,1.00,29,4,17.89,132.01,True,93.38,0.00,0.00
Van,near < 20 m,yaw,2.00,29,4,17.89,132.01,True,82.37,0.00,0.00
Cyclist,all,pitch,0.00,66,1,11.44,73.22,False,100.00,0.00,0.00
Cyclist,all,pitch,0.50,66,1,11.44,73.22,False,100.00,0.00,0.00
Cyclist,all,pitch,1.00,66,1,11.44,73.22,False,99.89,0.00,0.00
Cyclist,all,pitch,2.00,66,1,11.44,73.22,False,94.94,0.00,0.00
Cyclist,all,yaw,0.00,66,1,11.44,73.22,False,100.00,0.00,0.00
Cyclist,all,yaw,0.50,66,1,11.44,73.22,False,99.94,0.00,0.00
Cyclist,all,yaw,1.00,66,1,11.44,73.22,False,97.58,0.00,16.67
Cyclist,all,yaw,2.00,66,1,11.44,73.22,False,76.05,18.18,100.00
Cyclist,near < 20 m,pitch,0.00,66,1,11.44,73.22,False,100.00,0.00,0.00
Cyclist,near < 20 m,pitch,0.50,66,1,11.44,73.22,False,100.00,0.00,0.00
Cyclist,near < 20 m,pitch,1.00,66,1,11.44,73.22,False,99.89,0.00,0.00
Cyclist,near < 20 m,pitch,2.00,66,1,11.44,73.22,False,94.94,0.00,0.00
Cyclist,near < 20 m,yaw,0.00,66,1,11.44,73.22,False,100.00,0.00,0.00
Cyclist,near < 20 m,yaw,0.50,66,1,11.44,73.22,False,99.94,0.00,0.00
Cyclist,near < 20 m,yaw,1.00,66,1,11.44,73.22,False,97.58,0.00,16.67
Cyclist,near < 20 m,yaw,2.00,66,1,11.44,73.22,False,76.05,18.18,100.00
Pedestrian,all,pitch,0.00,3,2,10.77,115.77,True,100.00,0.00,0.00
Pedestrian,all,pitch,0.50,3,2,10.77,115.77,True,100.00,0.00,0.00
Pedestrian,all,pitch,1.00,3,2,10.77,115.77,True,100.00,0.00,0.00
Pedestrian,all,pitch,2.00,3,2,10.77,115.77,True,96.97,0.00,0.00
Pedestrian,all,yaw,0.00,3,2,10.77,115.77,True,100.00,0.00,0.00
Pedestrian,all,yaw,0.50,3,2,10.77,115.77,True,100.00,0.00,0.00
Pedestrian,all,yaw,1.00,3,2,10.77,115.77,True,100.00,0.00,33.33
Pedestrian,all,yaw,2.00,3,2,10.77,115.77,True,95.22,0.00,33.33
Pedestrian,near < 20 m,pitch,0.00,3,2,10.77,115.77,True,100.00,0.00,0.00
Pedestrian,near < 20 m,pitch,0.50,3,2,10.77,115.77,True,100.00,0.00,0.00
Pedestrian,near < 20 m,pitch,1.00,3,2,10.77,115.77,True,100.00,0.00,0.00
Pedestrian,near < 20 m,pitch,2.00,3,2,10.77,115.77,True,96.97,0.00,0.00
Pedestrian,near < 20 m,yaw,0.00,3,2,10.77,115.77,True,100.00,0.00,0.00
Pedestrian,near < 20 m,yaw,0.50,3,2,10.77,115.77,True,100.00,0.00,0.00
Pedestrian,near < 20 m,yaw,1.00,3,2,10.77,115.77,True,100.00,0.00,33.33
Pedestrian,near < 20 m,yaw,2.00,3,2,10.77,115.77,True,95.22,0.00,33.33
