drive,axis,injected_deg,frames_used,estimated_roll_deg_median,estimated_pitch_deg_median,roll_error_deg_median,pitch_error_deg_median,absolute_error_deg_median
0048,roll,0.0000,11,0.0000,0.0000,0.0000,0.0000,0.0000
0048,roll,0.5000,11,0.4861,0.0010,-0.0139,0.0010,0.0139
0048,roll,1.0000,11,0.9692,0.0026,-0.0308,0.0026,0.0308
0048,roll,2.0000,11,1.8786,0.0072,-0.1214,0.0072,0.1214
0048,pitch,0.0000,11,0.0000,0.0000,0.0000,0.0000,0.0000
0048,pitch,0.5000,11,-0.0031,0.4989,-0.0031,-0.0011,0.0024
0048,pitch,1.0000,11,-0.0062,0.9970,-0.0062,-0.0030,0.0053
0048,pitch,2.0000,11,-0.0152,1.9877,-0.0152,-0.0123,0.0199
0005,roll,0.0000,77,0.0000,0.0000,0.0000,0.0000,0.0000
0005,roll,0.5000,77,0.4978,-0.0024,-0.0022,-0.0024,0.0022
0005,roll,1.0000,77,0.9955,-0.0046,-0.0045,-0.0046,0.0053
0005,roll,2.0000,77,1.9894,-0.0122,-0.0106,-0.0122,0.0117
0005,pitch,0.0000,77,0.0000,0.0000,0.0000,0.0000,0.0000
0005,pitch,0.5000,77,-0.0039,0.4817,-0.0039,-0.0183,0.0193
0005,pitch,1.0000,77,-0.0109,0.9659,-0.0109,-0.0341,0.0416
0005,pitch,2.0000,77,-0.0234,1.9323,-0.0234,-0.0677,0.0677
0052,roll,0.0000,39,0.0000,0.0000,0.0000,0.0000,0.0000
0052,roll,0.5000,39,0.4969,-0.0005,-0.0031,-0.0005,0.0058
0052,roll,1.0000,39,0.9928,-0.0007,-0.0072,-0.0007,0.0072
0052,roll,2.0000,39,1.9898,-0.0004,-0.0102,-0.0004,0.0102
0052,pitch,0.0000,39,0.0000,0.0000,0.0000,0.0000,0.0000
0052,pitch,0.5000,39,-0.0080,0.4987,-0.0080,-0.0013,0.0023
0052,pitch,1.0000,39,-0.0130,0.9943,-0.0130,-0.0057,0.0098
0052,pitch,2.0000,39,-0.0282,1.8962,-0.0282,-0.1038,0.1055
