kind,axis,magnitude,score,neighbours_worse,best_neighbour_gain_pct,recalibration_triggered,method
rotation,roll,0.0000,0.3529,0.9423,0.9838,False,paper
rotation,roll,0.2500,0.3514,0.9231,1.7534,False,paper
rotation,roll,0.5000,0.3503,0.9231,1.8189,False,paper
rotation,roll,0.7500,0.3475,0.9038,2.9088,False,paper
rotation,roll,1.0000,0.3442,0.9038,3.7304,False,paper
rotation,roll,1.5000,0.3396,0.9038,4.5350,False,paper
rotation,roll,2.0000,0.3352,0.9038,4.2690,False,paper
rotation,pitch,0.0000,0.3529,0.9423,0.9838,False,paper
rotation,pitch,0.2500,0.3555,1.0000,-0.0285,False,paper
rotation,pitch,0.5000,0.3551,0.9615,0.4759,False,paper
rotation,pitch,0.7500,0.3532,0.9038,1.5413,False,paper
rotation,pitch,1.0000,0.3484,0.8654,2.6733,True,paper
rotation,pitch,1.5000,0.3375,0.8654,3.6838,True,paper
rotation,pitch,2.0000,0.3266,0.8462,4.0283,True,paper
rotation,yaw,0.0000,0.3529,0.9423,0.9838,False,paper
rotation,yaw,0.2500,0.3396,0.9231,2.4695,False,paper
rotation,yaw,0.5000,0.3145,0.5000,13.2966,True,paper
rotation,yaw,0.7500,0.2998,0.4808,16.0701,True,paper
rotation,yaw,1.0000,0.2938,0.4808,11.6490,True,paper
rotation,yaw,1.5000,0.2845,0.4423,6.9068,True,paper
rotation,yaw,2.0000,0.2819,0.3269,4.1958,True,paper
translation,tx,0.0000,0.3529,0.9423,0.9838,False,paper
translation,tx,0.0500,0.3525,0.9423,0.7363,False,paper
translation,tx,0.1000,0.3455,0.8846,2.1423,True,paper
translation,tx,0.1500,0.3370,0.8846,4.6042,True,paper
translation,tx,0.2000,0.3314,0.8846,4.3194,True,paper
translation,ty,0.0000,0.3529,0.9423,0.9838,False,paper
translation,ty,0.0500,0.3466,0.9231,1.8595,False,paper
translation,ty,0.1000,0.3234,0.5577,9.1160,True,paper
translation,ty,0.1500,0.3081,0.4808,12.8361,True,paper
translation,ty,0.2000,0.3022,0.4808,11.3427,True,paper
translation,tz,0.0000,0.3529,0.9423,0.9838,False,paper
translation,tz,0.0500,0.3438,0.8846,4.4076,True,paper
translation,tz,0.1000,0.3329,0.8654,7.1736,True,paper
translation,tz,0.1500,0.3245,0.8654,8.2248,True,paper
translation,tz,0.2000,0.3165,0.8269,8.6829,True,paper
rotation,roll,0.0000,0.3586,1.0000,-0.7734,False,improved
rotation,roll,0.2500,0.3592,1.0000,-0.0873,False,improved
rotation,roll,0.5000,0.3559,0.9808,0.7794,False,improved
rotation,roll,0.7500,0.3501,0.9808,2.5850,False,improved
rotation,roll,1.0000,0.3442,0.9423,3.3998,False,improved
rotation,roll,1.5000,0.3325,0.9231,4.0668,False,improved
rotation,roll,2.0000,0.3249,0.9231,4.3818,False,improved
rotation,pitch,0.0000,0.3586,1.0000,-0.7734,False,improved
rotation,pitch,0.2500,0.3589,1.0000,-1.0687,False,improved
rotation,pitch,0.5000,0.3436,0.8462,4.3639,True,improved
rotation,pitch,0.7500,0.3325,0.7500,7.9138,True,improved
rotation,pitch,1.0000,0.3256,0.7500,6.0538,True,improved
rotation,pitch,1.5000,0.3136,0.7692,4.2597,True,improved
rotation,pitch,2.0000,0.3092,0.8846,2.0722,True,improved
rotation,yaw,0.0000,0.3586,1.0000,-0.7734,False,improved
rotation,yaw,0.2500,0.3527,1.0000,-0.2698,False,improved
rotation,yaw,0.5000,0.3354,0.7500,6.9370,True,improved
rotation,yaw,0.7500,0.3229,0.7308,9.2267,True,improved
rotation,yaw,1.0000,0.3157,0.7500,6.2230,True,improved
rotation,yaw,1.5000,0.3054,0.7500,3.4441,True,improved
rotation,yaw,2.0000,0.2997,0.7308,2.0981,True,improved
translation,tx,0.0000,0.3586,1.0000,-0.7734,False,improved
translation,tx,0.0500,0.3587,1.0000,-0.6784,False,improved
translation,tx,0.1000,0.3542,0.9808,1.2528,False,improved
translation,tx,0.1500,0.3486,0.9615,2.8929,False,improved
translation,tx,0.2000,0.3449,0.9615,2.6893,False,improved
translation,ty,0.0000,0.3586,1.0000,-0.7734,False,improved
translation,ty,0.0500,0.3563,1.0000,-0.2437,False,improved
translation,ty,0.1000,0.3408,0.8077,5.2439,True,improved
translation,ty,0.1500,0.3292,0.7115,8.2408,True,improved
translation,ty,0.2000,0.3237,0.7308,6.1816,True,improved
translation,tz,0.0000,0.3586,1.0000,-0.7734,False,improved
translation,tz,0.0500,0.3512,0.9038,1.5195,False,improved
translation,tz,0.1000,0.3328,0.7500,7.7628,True,improved
translation,tz,0.1500,0.3177,0.6923,11.0659,True,improved
translation,tz,0.2000,0.3051,0.6154,12.3271,True,improved
