axis,drift_deg,reproj_median_px,reproj_p95_px,reproj_median_px_0-10m,reproj_median_px_10-20m,reproj_median_px_20-40m,reproj_median_px_40-80m,association_retention_pct,objects_lost_pct,range_miss_pct,association_retention_pct_near,range_miss_pct_near,association_retention_pct_far,range_miss_pct_far
roll,0.000,0.000,0.000,0.000,0.000,0.000,0.000,100.000,0.000,3.320,100.000,0.000,100.000,8.989
roll,0.100,0.483,1.014,0.586,0.477,0.353,0.253,100.000,0.000,3.320,100.000,0.000,100.000,8.989
roll,0.250,1.206,2.535,1.463,1.192,0.883,0.632,99.935,0.000,3.320,99.999,0.000,99.824,8.989
roll,0.500,2.408,5.067,2.918,2.384,1.765,1.263,99.641,0.000,3.320,99.940,0.000,99.129,8.989
roll,0.750,3.607,7.595,4.365,3.576,2.648,1.895,99.022,0.000,3.734,99.875,0.000,97.566,10.112
roll,1.000,4.802,10.119,5.807,4.768,3.531,2.526,98.770,0.000,3.734,99.611,0.658,97.334,8.989
roll,1.500,7.184,15.159,8.671,7.150,5.296,3.789,97.797,0.000,3.734,99.010,0.658,95.725,8.989
roll,2.000,9.548,20.192,11.501,9.532,7.061,5.052,96.510,0.000,3.734,98.339,0.658,93.387,8.989
roll,3.000,14.242,30.225,17.041,14.293,10.590,7.578,94.046,0.000,3.734,97.172,0.658,88.708,8.989
pitch,0.000,0.000,0.000,0.000,0.000,0.000,0.000,100.000,0.000,3.320,100.000,0.000,100.000,8.989
pitch,0.100,1.302,1.408,1.363,1.296,1.274,1.267,100.000,0.000,3.734,100.000,0.000,100.000,10.112
pitch,0.250,3.255,3.517,3.407,3.240,3.186,3.167,99.900,0.000,4.149,100.000,0.000,99.730,11.236
pitch,0.500,6.510,7.018,6.810,6.482,6.373,6.334,98.745,0.000,3.734,100.000,0.000,96.602,10.112
pitch,0.750,9.765,10.511,10.216,9.728,9.560,9.501,95.410,1.245,5.394,99.951,0.000,87.656,14.607
pitch,1.000,13.020,13.994,13.616,12.977,12.749,12.669,91.523,2.905,4.564,99.400,0.000,78.070,12.360
pitch,1.500,19.530,20.921,20.409,19.485,19.128,19.004,82.480,8.299,12.033,95.818,0.000,59.701,32.584
pitch,2.000,26.040,27.801,27.195,26.008,25.512,25.342,72.342,22.407,26.971,90.564,7.237,41.223,60.674
pitch,3.000,39.060,41.444,40.741,39.104,38.296,38.027,55.212,38.174,66.805,77.037,49.342,17.938,96.629
yaw,0.000,0.000,0.000,0.000,0.000,0.000,0.000,100.000,0.000,3.320,100.000,0.000,100.000,8.989
yaw,0.100,1.451,2.094,1.530,1.453,1.369,1.317,99.830,0.000,2.905,99.996,0.000,99.547,7.865
yaw,0.250,3.626,5.225,3.822,3.631,3.423,3.291,99.331,0.000,2.905,99.941,0.000,98.289,7.865
yaw,0.500,7.248,10.414,7.634,7.258,6.846,6.584,97.565,0.000,1.660,99.504,0.000,94.255,4.494
yaw,0.750,10.863,15.573,11.437,10.878,10.269,9.877,95.139,0.000,1.660,98.415,1.974,89.545,1.124
yaw,1.000,14.473,20.695,15.230,14.492,13.688,13.170,92.280,0.000,5.394,96.736,7.895,84.670,1.124
yaw,1.500,21.676,30.843,22.785,21.708,20.525,19.763,84.572,5.809,30.290,91.101,40.132,73.422,13.483
yaw,2.000,28.861,40.876,30.310,28.906,27.363,26.370,74.764,20.332,44.398,82.515,44.079,61.527,44.944
yaw,3.000,43.174,60.563,45.241,43.234,41.026,39.609,54.442,35.685,63.071,62.528,54.605,40.631,77.528
