axis,drift_cm,reproj_median_px,reproj_p95_px,reproj_median_px_0-10m,reproj_median_px_10-20m,reproj_median_px_20-40m,reproj_median_px_40-80m,association_retention_pct,objects_lost_pct,range_miss_pct,association_retention_pct_near,range_miss_pct_near,association_retention_pct_far,range_miss_pct_far
tx,0.000,0.000,0.000,0.000,0.000,0.000,0.000,100.000,0.000,3.320,100.000,0.000,100.000,8.989
tx,2.000,0.432,1.531,0.891,0.379,0.152,0.060,100.000,0.000,3.320,100.000,0.000,100.000,8.989
tx,5.000,1.077,3.811,2.219,0.945,0.381,0.151,100.000,0.000,3.320,100.000,0.000,100.000,8.989
tx,10.000,2.145,7.568,4.409,1.883,0.760,0.301,99.999,0.000,3.734,99.998,0.000,100.000,10.112
tx,20.000,4.254,14.921,8.702,3.739,1.514,0.601,99.994,0.000,4.149,99.991,0.658,99.998,10.112
ty,0.000,0.000,0.000,0.000,0.000,0.000,0.000,100.000,0.000,3.320,100.000,0.000,100.000,8.989
ty,2.000,1.161,2.356,1.909,1.049,0.541,0.297,99.994,0.000,2.905,99.999,0.000,99.987,7.865
ty,5.000,2.901,5.887,4.772,2.623,1.354,0.742,99.918,0.000,2.905,99.990,0.000,99.796,7.865
ty,10.000,5.796,11.762,9.539,5.245,2.707,1.484,99.620,0.000,2.905,99.879,0.000,99.176,7.865
ty,20.000,11.570,23.479,19.063,10.483,5.416,2.969,97.946,0.000,4.149,98.448,3.947,97.089,4.494
tz,0.000,0.000,0.000,0.000,0.000,0.000,0.000,100.000,0.000,3.320,100.000,0.000,100.000,8.989
tz,2.000,1.162,2.363,1.913,1.050,0.542,0.297,99.998,0.000,3.320,99.997,0.000,100.000,8.989
tz,5.000,2.906,5.906,4.783,2.626,1.354,0.742,99.598,0.000,3.320,99.914,0.000,99.059,8.989
tz,10.000,5.812,11.812,9.565,5.252,2.708,1.484,98.661,0.000,3.734,99.131,0.658,97.860,8.989
tz,20.000,11.623,23.620,19.127,10.503,5.415,2.969,94.373,0.000,4.149,94.952,0.658,93.383,10.112
